Zipcode,Address,Population,Median Age,Household Income,Per Capita Income,Poverty Rate,Lat,Lng,Bank Count
27043,"Pinnacle, NC 27043, USA",6225,46.0,48410.0,24449,15.96787149,36.3334581,-80.4326521,7
60433,"Joliet, IL 60433, USA",17220,35.4,43644.0,18967,18.63530778,41.4997384,-88.0460894,34
60137,"Glen Ellyn, IL 60137, USA",38384,41.1,89386.0,47759,5.460608587,41.853696,-88.0607565,143
40060,"Raywick, KY 40060, USA",1115,44.2,40813.0,18390,14.08071749,37.5302785,-85.45818589999999,0
50201,"Nevada, IA 50201, USA",8139,40.4,56619.0,28908,7.777368227,42.065743,-93.4599326,7
38504,"Allardt, TN 38504, USA",1167,38.6,46786.0,19634,9.340188518,36.3966879,-84.7420032,0
76135,"Fort Worth, TX 76135, USA",20550,39.8,52945.0,27715,13.94160584,32.8447037,-97.47059349999999,12
3276,"Tilton, NH 03276, USA",8394,41.9,58449.0,25690,13.17607815,32.2819566,-93.785344,2
83313,"Bellevue, ID 83313, USA",3609,35.4,45168.0,23296,20.0055417,43.3662171,-114.2796699,0
53018,"Delafield, WI 53018, USA",8120,43.3,94873.0,42783,3.1773399010000003,43.0373723,-88.3919026,28
30268,"Palmetto, GA 30268, USA",9736,32.7,47421.0,22939,12.48972884,33.5272883,-84.7106567,1
20143,"Catharpin, VA 20143, USA",1081,42.8,139938.0,51051,2.405180389,38.8568373,-77.5676735,21
14113,"North Java, NY 14113, USA",630,45.6,47500.0,33149,10.31746032,42.6839855,-78.3273245,0
5261,"Pownal, VT 05261, USA",2835,45.0,56667.0,25144,10.26455026,35.7259928,-93.54988879999999,0
38229,"Gleason, TN 38229, USA",2948,43.5,36800.0,19886,17.33378562,36.2334,-88.6144839,2
41835,"McRoberts, KY 41835, USA",967,50.9,43690.0,19524,29.47259566,37.2144212,-82.66454689999999,5
27298,"Liberty, NC 27298, USA",8969,45.4,43097.0,23966,11.91883153,35.874799,-79.582819,4
23055,"Fork Union, VA 23055, USA",936,48.0,59648.0,21737,1.388888889,37.7788311,-78.2362225,1
757,"Santa Isabel, 00757, Puerto Rico",23231,34.3,18033.0,9412,48.99487753,30.5177349,-92.48883029999999,8
14807,"Arkport, NY 14807, USA",3088,48.0,45821.0,23042,6.994818652999999,42.4169882,-77.7223162,4
54979,"Van Dyne, WI 54979, USA",1400,42.9,65313.0,26566,1.714285714,43.867169,-88.50817649999999,3
97022,"Eagle Creek, OR 97022, USA",3208,43.9,66927.0,24343,10.28678304,45.3551259,-122.3293482,8
8540,"Princeton, NJ 08540, USA",47316,37.5,125439.0,61810,4.161383042,39.85177849999999,-106.8455943,0
25427,"Hedgesville, WV 25427, USA",12630,42.9,54619.0,27919,10.72842439,39.5113324,-78.0880129,0
8340,"Milmay, NJ 08340, USA",716,42.0,100250.0,39030,5.167597765,36.213002,-93.8660913,0
16665,"Newry, PA 16665, USA",291,43.3,27188.0,19095,19.24398625,40.3922417,-78.4346936,23
65243,"Clark, MO 65243, USA",3176,29.3,55885.0,16802,25.15743073,39.2809755,-92.3427191,1
66052,"Linwood, KS 66052, USA",2021,42.8,57848.0,27076,6.82830282,39.0141289,-95.0494602,0
92543,"Hemet, CA 92543, USA",34406,36.5,26909.0,14425,30.7795152,33.6991526,-116.9793554,26
54458,"Nelsonville, WI 54458, USA",150,36.5,56389.0,20718,17.33333333,44.4960026,-89.30994369999999,4
63935,"Doniphan, MO 63935, USA",9863,42.5,31208.0,16144,27.92253878,36.6488463,-90.9438468,0
79416,"Lubbock, TX 79416, USA",32772,26.2,45937.0,23645,19.80349078,33.60361779999999,-101.9690458,44
44147,"Broadview Heights, OH 44147, USA",19331,42.1,76021.0,37217,6.533547152000001,41.33031,-81.68020539999999,62
730,"Ponce, 00730, Puerto Rico",37931,37.0,16259.0,9768,50.79486436,45.9145209,-119.279444,5
3104,"Manchester, NH 03104, USA",33145,37.6,60468.0,32130,11.0423895,36.7531922,-85.39761360000001,3
6377,"Sterling, CT 06377, USA",2787,38.5,71509.0,28464,7.786149982,46.9614316,8.5753299,17
72347,"Hickory Ridge, AR 72347, USA",689,45.3,31471.0,19479,15.38461538,35.364439,-91.0011902,1
42762,"Millwood, KY 42762, USA",531,42.3,30500.0,15664,18.45574388,37.4399698,-86.39341519999999,0
12450,"Lanesville, NY 12450, USA",204,58.7,22200.0,20052,15.68627451,42.127653,-74.22967129999999,0
60622,"Chicago, IL 60622, USA",54272,31.1,68923.0,43393,14.77557488,41.9013087,-87.68276759999999,200
54747,"Independence, WI 54747, USA",2583,39.0,41755.0,22124,16.260162599999997,44.4083424,-91.50150090000001,0
19057,"Levittown, PA 19057, USA",18171,38.0,62863.0,25069,9.515161521,40.1344021,-74.8565613,82
99753,"Koyuk, AK 99753, USA",279,19.9,28333.0,8987,53.76344086,64.9424911,-161.1275809,0
32683,"Otter Creek, FL 32683, USA",337,45.9,36563.0,13575,59.94065282,29.2720518,-82.7751622,0
93605,"Big Creek, CA 93605, USA",243,49.2,84375.0,34293,1.646090535,37.1890642,-119.2437011,0
45684,"Stout, OH 45684, USA",1862,40.8,47517.0,18795,13.58754028,38.6432345,-83.1863358,2
92115,"San Diego, CA 92115, USA",61084,27.5,41866.0,21011,25.69576321,32.7612759,-117.0735241,111
58503,"Bismarck, ND 58503, USA",27196,37.3,81341.0,38377,4.416090602,46.8871785,-100.7209975,17
3064,"Nashua, NH 03064, USA",14533,40.6,64026.0,34045,11.64934976,30.4073242,-91.1021258,134
27262,"High Point, NC 27262, USA",24635,38.5,39867.0,22889,21.29490562,35.9679365,-80.0423151,31
58259,"Michigan, ND 58259, USA",384,54.1,48295.0,31803,4.947916667,48.0513919,-98.1299519,1
47232,"Elizabethtown, IN 47232, USA",3280,37.4,60128.0,21838,13.35365854,39.1100449,-85.7974141,0
49080,"Plainwell, MI 49080, USA",15624,40.9,53743.0,25048,11.97516641,42.446414,-85.58179109999999,6
78351,"Driscoll, TX 78351, USA",564,37.0,36985.0,16011,20.74468085,27.6654382,-97.75389349999999,0
23389,"Harborton, VA 23389, USA",136,73.3,,13575,0.0,37.65028179999999,-75.8388698,0
22027,"Dunn Loring, VA 22027, USA",2567,44.9,187768.0,61580,4.830541488,38.8934705,-77.2203966,196
4107,"Cape Elizabeth, ME 04107, USA",8993,48.4,98629.0,53526,3.180251307,32.161272,-94.928204,0
74066,"Sapulpa, OK 74066, USA",31116,38.9,44675.0,22844,13.51716159,35.9980959,-96.13149279999999,13
22952,"Lyndhurst, VA 22952, USA",2088,46.3,43095.0,23158,5.651340996,37.9545568,-78.9627624,0
83841,"Laclede, ID 83841, USA",171,60.8,26618.0,23912,0.0,48.1658871,-116.7578804,0
73771,"Wakita, OK 73771, USA",450,48.9,45536.0,27035,6.8888888889999995,36.9049895,-97.9157099,1
12804,"Queensbury, NY 12804, USA",26308,44.6,60152.0,32970,9.14550707,43.3228611,-73.7242486,31
55433,"Minneapolis, MN 55433, USA",34024,36.3,59258.0,27493,9.972372443,45.1670628,-93.3132624,64
46617,"South Bend, IN 46617, USA",9947,33.0,48726.0,27706,21.40343822,41.68410009999999,-86.231094,81
48469,"Port Sanilac, MI 48469, USA",1175,56.4,44438.0,25798,14.63829787,43.4238357,-82.5510469,1
38487,"Williamsport, TN 38487, USA",762,41.6,38125.0,18884,24.40944882,35.7310368,-87.2419299,0
90210,"Beverly Hills, CA 90210, USA",21548,46.4,132254.0,111364,7.420642287000001,34.1030032,-118.4104684,199
21901,"North East, MD 21901, USA",16786,37.3,65951.0,29821,12.21255808,39.58550169999999,-75.9579358,8
54229,"New Franken, WI 54229, USA",4123,40.4,68667.0,29538,5.918020858999999,44.5485744,-87.8353278,0
58466,"Marion, ND 58466, USA",509,44.5,69844.0,36981,9.430255403,46.5594224,-98.3481542,1
5301,"Guilford, VT 05301, USA",16819,44.1,49552.0,28510,13.57393424,46.6782059,-115.609296,0
97396,"Willamina, OR 97396, USA",2827,44.3,36848.0,18929,16.94375663,45.1916734,-123.514262,0
59542,"Turner, MT 59542, USA",262,34.0,33214.0,17982,13.74045802,48.8372286,-108.3120579,0
43804,"Baltic, OH 43804, USA",3750,25.4,36841.0,12923,28.85333333,40.4514728,-81.7458845,3
27549,"Louisburg, NC 27549, USA",24784,40.3,36969.0,20001,18.5321175,36.0730279,-78.24761459999999,7
68723,"Carroll, NE 68723, USA",513,51.2,59000.0,25617,5.653021442000001,42.2844717,-97.2221421,1
69130,"Cozad, NE 69130, USA",5411,41.6,46899.0,21825,12.84420625,40.8911427,-99.9465077,4
54151,"Niagara, WI 54151, USA",3376,45.7,45813.0,23500,13.24052133,45.715354,-87.98042389999999,2
58494,"Wing, ND 58494, USA",357,42.2,48500.0,29216,5.6022408960000005,47.1813085,-100.3049045,1
84764,"Bryce, UT 84764, USA",163,27.0,38750.0,19698,24.5398773,37.6215335,-112.1549442,1
87528,"Dulce, NM 87528, USA",3405,29.0,39725.0,16182,20.76358297,36.7078973,-106.9594723,0
65733,"Protem, MO 65733, USA",653,51.3,33618.0,16655,15.46707504,36.5288863,-92.85889279999999,0
22066,"Great Falls, VA 22066, USA",19475,43.5,214219.0,89776,1.201540436,39.0188593,-77.3094674,53
44313,"Akron, OH 44313, USA",24611,41.0,48852.0,31436,14.68042745,41.1426985,-81.57061089999999,74
72036,"Cotton Plant, AR 72036, USA",757,47.0,22361.0,13850,26.68428005,35.0101733,-91.26984750000001,0
36688,"Mobile, AL 36688, USA",545,20.1,,3086,0.0,30.6954595,-88.174414,102
59087,"Winnett, MT 59087, USA",506,48.3,41250.0,22816,10.27667984,47.0113803,-108.2242196,0
21061,"Glen Burnie, MD 21061, USA",53491,36.0,60430.0,29841,10.73077714,39.1511679,-76.6239423,68
692,"Vega Alta, 00692, Puerto Rico",37618,35.0,18500.0,9273,49.20250944,37.2258653,-80.0582318,56
1430,"Ashburnham, MA 01430, USA",6119,42.4,83532.0,34454,6.896551724,36.448913,-78.57836499999999,0
30152,"Kennesaw, GA 30152, USA",41689,36.7,74559.0,35046,7.404831011000001,34.0041089,-84.6583745,39
47932,"Covington, IN 47932, USA",5381,42.5,53462.0,26981,8.028247537999999,40.1366826,-87.4009165,4
22642,"Linden, VA 22642, USA",3912,37.1,76198.0,28685,10.60838446,38.9465403,-78.07660360000001,0
41763,"Slemp, KY 41763, USA",645,41.6,36827.0,16535,17.98449612,37.04955229999999,-83.1166438,0
79021,"Cotton Center, TX 79021, USA",104,26.5,56250.0,17961,25.96153846,33.9500835,-102.0004411,0
57005,"Brandon, SD 57005, USA",10610,34.6,69690.0,27832,7.80395853,43.6196972,-96.59969629999999,5
88321,"Encino, NM 88321, USA",117,57.4,27054.0,31962,10.25641026,34.7032677,-105.4536718,0
45646,"Latham, OH 45646, USA",361,41.3,82604.0,28220,7.202216066,39.0791318,-83.3468784,0
71046,"Keatchie, LA 71046, USA",1491,37.9,41825.0,23280,10.99932931,32.1366223,-93.9266502,0
74643,"Lamont, OK 74643, USA",453,39.5,43214.0,22991,8.167770419,36.6706849,-97.56805949999999,1
48084,"Troy, MI 48084, USA",14689,37.0,84331.0,44055,5.568792974,42.5586572,-83.18097759999999,120
25165,"Racine, WV 25165, USA",451,41.1,49886.0,24418,9.312638581,38.1513972,-81.65282189999999,1
75454,"Melissa, TX 75454, USA",5800,31.7,87125.0,29919,3.3103448280000003,33.2774174,-96.5463156,4
23146,"Rockville, VA 23146, USA",3107,47.0,77207.0,37414,5.857740586,37.7363302,-77.7223162,2
67661,"Phillipsburg, KS 67661, USA",3352,45.4,40882.0,23569,8.293556086,39.8554659,-99.2785583,0
56453,"Hewitt, MN 56453, USA",855,41.0,50089.0,21875,12.86549708,46.3037542,-95.1628544,0
20615,"Broomes Island, MD 20615, USA",424,43.4,114375.0,43920,5.188679245,38.4132166,-76.55460310000001,2
37101,"McEwen, TN 37101, USA",6388,41.1,50398.0,21198,12.7269881,36.04442969999999,-87.6383797,2
13402,"Madison, NY 13402, USA",1587,46.4,43387.0,19660,22.054190300000002,42.8958176,-75.5160235,4
83638,"McCall, ID 83638, USA",5876,43.3,53850.0,26119,6.262763785,45.09428219999999,-115.8980516,0
13335,"Edmeston, NY 13335, USA",1721,41.4,52083.0,22636,12.66705404,42.7015231,-75.27123929999999,1
52362,"Wyoming, IA 52362, USA",670,49.1,38359.0,27973,3.582089552,42.0540378,-91.0011902,3
37191,"Woodlawn, TN 37191, USA",4226,39.3,63393.0,28185,7.311878845,36.5197091,-87.55936129999999,0
72722,"Decatur, AR 72722, USA",3171,37.7,37198.0,16971,22.23273415,36.3438006,-94.42849849999999,2
75783,"Quitman, TX 75783, USA",7486,45.1,40322.0,23210,12.03580016,32.8260186,-95.435853,3
90302,"Inglewood, CA 90302, USA",30502,32.4,43042.0,21718,18.77253951,33.9742906,-118.3520389,124
80831,"Peyton, CO 80831, USA",22256,35.0,81000.0,31028,6.411754134,38.9458493,-104.5189214,5
2056,"Norfolk, MA 02056, USA",11274,42.5,134104.0,43630,4.479332979,30.7554142,-100.5861245,0
48468,"Port Hope, MI 48468, USA",1440,55.2,38882.0,22710,13.05555556,43.9642956,-82.79941939999999,1
49411,"Free Soil, MI 49411, USA",1523,47.1,44450.0,25531,13.59159554,44.0925394,-86.2767995,0
14555,"Sodus Point, NY 14555, USA",1229,54.9,57500.0,30559,11.31000814,43.2605563,-76.98158769999999,2
38152,"Memphis, TN 38152, USA",818,19.8,,2691,0.0,35.1242857,-89.9360705,108
32409,"Panama City, FL 32409, USA",8635,41.4,50461.0,24300,13.59583092,30.3424229,-85.7051116,1
55069,"Rush City, MN 55069, USA",5450,37.7,54203.0,20182,10.99082569,45.6951168,-92.9521365,2
13640,"Wellesley Island, NY 13640, USA",241,62.8,88125.0,48388,3.734439834,44.3125911,-75.9908334,4
4622,"Cherryfield, ME 04622, USA",1480,40.8,40104.0,20084,17.77027027,32.1379646,-94.999149,0
7082,"Towaco, NJ 07082, USA",5107,45.9,129432.0,59216,3.3091834739999997,47.9623949,-92.8937893,0
49048,"Kalamazoo, MI 49048, USA",25434,34.9,41443.0,20479,24.02296139,42.2766433,-85.50972259999999,37
71834,"Doddridge, AR 71834, USA",1385,53.3,39821.0,23159,20.64981949,33.1515268,-93.9470396,0
35956,"Boaz, AL 35956, USA",8716,40.0,46844.0,19615,12.32216613,34.1586286,-86.1141045,11
35951,"Albertville, AL 35951, USA",12839,35.7,37210.0,19602,20.91284368,34.3387367,-86.1955169,12
22025,"Dumfries, VA 22025, USA",16955,40.0,115000.0,48008,3.1082276610000004,38.5947311,-77.3381855,43
29468,"Pineville, SC 29468, USA",1768,43.8,19663.0,28526,37.27375566,33.4205299,-80.0758425,0
8859,"Parlin, NJ 08859, USA",21594,38.9,79835.0,35353,6.075761786,42.6960673,26.4123787,22
36736,"Dixons Mills, AL 36736, USA",1756,42.3,28333.0,17708,33.20045558,32.0755092,-87.7664934,0
49112,"Edwardsburg, MI 49112, USA",10253,39.5,49712.0,21768,12.05500829,41.7917622,-86.0325629,7
26205,"Craigsville, WV 26205, USA",3079,41.8,32128.0,16382,35.85579734,38.3297234,-80.621591,2
69347,"Hay Springs, NE 69347, USA",1113,52.6,40250.0,23501,11.85983827,42.5867186,-102.6675575,0
34744,"Kissimmee, FL 34744, USA",44675,36.2,45589.0,19455,17.42585339,28.2923689,-81.32893969999999,42
45897,"Williamstown, OH 45897, USA",155,45.3,,8999,50.96774194,40.8402988,-83.66144000000001,3
77039,"Houston, TX 77039, USA",28151,27.2,38167.0,12255,29.73961849,29.9068387,-95.33639509999999,35
53816,"Mt Hope, WI 53816, USA",942,33.4,44375.0,18813,29.29936306,42.9580239,-90.8484524,1
10309,"Staten Island, NY 10309, USA",32646,38.5,86297.0,35719,6.7665257610000005,40.5265593,-74.22380199999999,110
51049,"Quimby, IA 51049, USA",476,47.9,47847.0,22334,12.39495798,42.6366175,-95.65631189999999,0
76599,"Gatesville, TX 76599, USA",1480,35.0,,8815,0.0,31.4748803,-97.7367476,6
624,"Peñuelas, 00624, Puerto Rico",25340,34.2,14768.0,6761,59.56985004,37.1651421,-82.5247603,8
56343,"Kensington, MN 56343, USA",930,42.4,48417.0,24153,8.924731182999999,45.7800013,-95.72099680000001,2
29834,"Langley, SC 29834, USA",1344,38.9,32375.0,16178,20.83333333,33.5199743,-81.8422446,9
84116,"Salt Lake City, UT 84116, USA",33574,29.2,42235.0,15888,21.27241318,40.8038325,-112.0237903,7
46524,"Etna Green, IN 46524, USA",2541,32.0,60033.0,19849,13.34120425,41.3129797,-86.0325629,3
24843,"Hensley, WV 24843, USA",140,60.4,20673.0,14761,37.14285714,37.4731506,-81.7010143,0
43758,"Malta, OH 43758, USA",3517,39.5,43438.0,19770,21.35342622,39.6393367,-81.931657,6
68947,"Hildreth, NE 68947, USA",622,45.5,56250.0,33158,5.78778135,40.2577563,-99.0792263,0
77373,"Spring, TX 77373, USA",55927,32.4,67742.0,25921,9.578557763,30.0605454,-95.3834854,36
78565,"Los Ebanos, TX 78565, USA",216,41.3,8611.0,5960,90.27777778,26.2378647,-98.5583676,2
75149,"Mesquite, TX 75149, USA",58427,31.8,47739.0,19636,14.62337618,32.758351,-96.6103778,51
77880,"Washington, TX 77880, USA",1637,48.8,38672.0,25386,17.95968235,30.2674226,-96.17391160000001,0
52217,"Clutier, IA 52217, USA",447,47.8,40625.0,22426,7.606263982000001,42.07293,-92.4011124,1
61606,"Peoria, IL 61606, USA",7989,21.9,35904.0,17917,30.27913381,40.6974655,-89.6133926,57
54733,"Dallas, WI 54733, USA",1305,41.3,50809.0,23292,10.57471264,45.26536489999999,-91.8695542,3
13637,"Evans Mills, NY 13637, USA",4270,28.4,55104.0,23870,18.64168618,44.0963283,-75.8301537,3
53936,"Grand Marsh, WI 53936, USA",2555,37.3,44583.0,13364,5.596868885,43.8382903,-89.7098185,1
13326,"Cooperstown, NY 13326, USA",5456,50.4,57375.0,35094,8.431085044,42.7284259,-74.89749250000001,8
50315,"Des Moines, IA 50315, USA",35873,34.4,41793.0,20989,16.15421069,41.5346558,-93.61164939999999,55
67839,"Dighton, KS 67839, USA",1251,46.8,49773.0,30282,9.67226219,38.4456222,-100.3497895,0
36701,"Selma, AL 36701, USA",22605,39.4,32136.0,20992,26.14023446,32.4800392,-87.0424393,11
93428,"Cambria, CA 93428, USA",6393,58.4,59813.0,40682,7.961833255,35.5925142,-121.0564425,2
30177,"Tate, GA 30177, USA",1369,35.9,33866.0,15101,10.44558072,34.4153599,-84.3726049,5
96783,"Pepeekeo, HI 96783, USA",2149,40.4,31705.0,17613,21.77757096,19.8344853,-155.1135807,0
63038,"Glencoe, MO 63038, USA",6631,45.5,106513.0,54149,2.684361333,38.5775338,-90.6867939,14
53118,"Dousman, WI 53118, USA",7248,46.9,81619.0,38393,3.214679912,42.9902388,-88.49849909999999,2
33129,"Miami, FL 33129, USA",14198,38.9,54127.0,41352,13.81180448,25.7564471,-80.2056382,200
57105,"Sioux Falls, SD 57105, USA",21984,38.2,52255.0,30000,8.956513828,43.52161900000001,-96.722641,166
30564,"Murrayville, GA 30564, USA",3714,40.5,64213.0,23422,9.71997846,34.4762579,-83.8579053,6
60421,"Elwood, IL 60421, USA",3960,40.1,70485.0,30466,8.585858586,41.40575380000001,-88.1096118,2
18223,"Ebervale, PA 18223, USA",122,43.7,49458.0,37056,25.40983607,40.9922168,-75.9350072,25
8324,"Heislerville, NJ 08324, USA",670,42.5,67772.0,28069,14.47761194,46.98066009999999,15.7416507,7
75640,"Diana, TX 75640, USA",4052,42.8,54423.0,22459,16.65844028,32.6978203,-94.70706159999999,1
12429,"Esopus, NY 12429, USA",273,38.7,114129.0,43122,0.0,41.82143019999999,-73.96243270000001,9
25253,"Letart, WV 25253, USA",2118,38.9,40245.0,18032,22.56846081,38.8993559,-81.97529949999999,0
14033,"Colden, NY 14033, USA",2170,44.3,81979.0,32764,6.728110599,42.6628737,-78.6909263,1
40769,"Williamsburg, KY 40769, USA",18135,36.9,27221.0,14298,27.19602978,36.7434075,-84.1598641,7
5492,"Waterville, VT 05492, USA",727,41.0,53315.0,23399,12.1045392,55.392363,10.1473917,2
1922,"Byfield, MA 01922, USA",3025,44.4,109301.0,40983,2.1818181819999998,38.30352260000001,-85.0085446,1
97633,"Merrill, OR 97633, USA",1416,36.3,40742.0,18448,17.51412429,42.0153397,-121.5405251,2
83830,"Fernwood, ID 83830, USA",929,42.7,37244.0,16450,8.934337998,47.0795166,-116.3845766,0
85553,"Tonto Basin, AZ 85553, USA",1441,64.6,36442.0,28245,16.93268563,33.8102795,-111.2368084,0
47434,"Harrodsburg, IN 47434, USA",115,52.5,,21634,0.0,39.0126074,-86.5454322,0
5736,"Center Rutland, VT 05736, USA",788,48.4,56313.0,36613,0.76142132,29.322153,-98.88057099999999,6
84020,"Draper, UT 84020, USA",42751,30.4,89922.0,33164,4.392879699,40.4960215,-111.8687825,45
47003,"West College Corner, IN 47003, USA",1029,41.0,39519.0,19997,16.71525753,39.5221256,-84.8411536,10
16153,"Stoneboro, PA 16153, USA",2686,44.6,50714.0,22506,15.93447506,41.3229151,-80.08701549999999,2
44251,"Westfield Center, OH 44251, USA",905,52.6,73021.0,47881,0.5524861879999999,41.0296799,-81.93029279999999,9
44273,"Seville, OH 44273, USA",6704,44.5,65368.0,30043,5.235680191,41.0123359,-81.84429340000001,13
8002,"Cherry Hill, NJ 08002, USA",22025,39.7,68465.0,34026,8.308740067999999,47.36013759999999,8.5293292,200
23219,"Richmond, VA 23219, USA",3284,25.4,19231.0,24403,38.79415347,37.5410261,-77.43864289999999,112
91405,"Van Nuys, CA 91405, USA",54435,32.0,38847.0,17645,26.1100395,34.2037124,-118.4571974,174
28635,"Hays, NC 28635, USA",3920,35.6,30565.0,14292,23.57142857,36.3338025,-81.1306391,0
37923,"Knoxville, TN 37923, USA",27624,37.0,53893.0,30167,11.23298581,35.9276062,-84.0854432,95
15081,"South Heights, PA 15081, USA",342,50.2,31500.0,22177,20.76023392,40.5785167,-80.236488,35
68930,"Blue Hill, NE 68930, USA",1430,44.7,44643.0,22939,11.11888112,40.2860295,-98.4403573,1
11722,"Central Islip, NY 11722, USA",38241,33.1,67023.0,21935,10.82869172,40.7881249,-73.19396119999999,114
37398,"Winchester, TN 37398, USA",13589,45.6,43330.0,24562,12.19368607,35.1747032,-86.1141045,18
53156,"Palmyra, WI 53156, USA",3054,42.4,53600.0,25161,9.790438769,42.8749223,-88.6144839,1
38049,"Mason, TN 38049, USA",4572,36.2,32386.0,24972,20.822397199999997,35.3676615,-89.5308903,0
26574,"Grant Town, WV 26574, USA",553,40.9,44038.0,21078,21.15732369,39.5562628,-80.1777417,3
98394,"Vaughn, WA 98394, USA",1567,39.1,57941.0,24595,4.977664327,47.3146613,-122.7741913,1
59820,"Alberton, MT 59820, USA",1241,47.2,45956.0,26394,12.16760677,46.9478744,-114.5809081,0
77031,"Houston, TX 77031, USA",18079,30.5,39278.0,17932,25.07328945,29.6558257,-95.54597869999999,110
50543,"Gowrie, IA 50543, USA",1562,44.5,44583.0,23616,15.87708067,42.2750407,-94.27436279999999,2
62449,"Oblong, IL 62449, USA",2971,41.5,46765.0,25332,8.347357792,39.0104562,-87.89424509999999,3
4418,"Greenbush, ME 04418, USA",1632,42.0,37955.0,19692,17.76960784,32.5252467,-95.7474591,0
99661,"Sand Point, AK 99661, USA",1243,39.6,71250.0,27423,18.66452132,55.2693058,-160.6748964,0
7606,"South Hackensack, NJ 07606, USA",2371,39.4,68750.0,33300,4.555040067,47.3688642,-124.2303763,1
52533,"Batavia, IA 52533, USA",1626,42.6,49938.0,21050,7.626076261000001,41.0393072,-92.1646722,0
56371,"Roscoe, MN 56371, USA",132,52.1,51250.0,26395,4.545454545,45.4335666,-94.6389975,1
62373,"Sutter, IL 62373, USA",314,42.2,58382.0,22406,4.458598726,40.24020220000001,-91.3083685,0
6422,"Durham, CT 06422, USA",7380,42.5,124179.0,47679,0.93495935,40.1936997,-105.8514972,1
55976,"Stewartville, MN 55976, USA",7480,37.5,53616.0,26641,6.99197861,43.8595945,-92.4801989,4
13827,"Owego, NY 13827, USA",11795,44.2,56025.0,28315,8.71555744,42.1310032,-76.247912,0
79778,"Rankin, TX 79778, USA",900,44.6,61806.0,28706,10.44444444,31.1870316,-101.9119871,1
92285,"Landers, CA 92285, USA",2739,50.1,22917.0,17840,37.60496532,34.3350492,-116.5373923,1
20886,"Montgomery Village, MD 20886, USA",34023,34.0,77136.0,35177,8.003409458,39.186097,-77.20027449999999,84
14411,"Albion, NY 14411, USA",14257,39.9,42967.0,18461,13.60735078,43.2229834,-78.24761459999999,5
27288,"Eden, NC 27288, USA",23445,42.5,33800.0,18470,22.38430369,36.4919544,-79.7624177,10
64480,"Rea, MO 64480, USA",325,57.5,65000.0,34670,11.69230769,40.0720342,-94.6657027,0
35907,"Gadsden, AL 35907, USA",8339,40.7,70147.0,26791,5.144501739,33.8890435,-86.0325629,4
17051,"Mcveytown, PA 17051, USA",4693,42.6,43234.0,19984,9.71659919,40.4491629,-77.76809519999999,1
52141,"Elgin, IA 52141, USA",1390,42.5,39679.0,21960,18.34532374,42.94976459999999,-91.6178011,1
83122,"Grover, WY 83122, USA",469,36.1,83333.0,28556,0.0,42.82182590000001,-110.9566245,0
64455,"Graham, MO 64455, USA",315,50.6,43542.0,25407,16.50793651,40.1808346,-94.99744609999999,1
85353,"Tolleson, AZ 85353, USA",32308,26.7,50066.0,16046,14.97461929,33.4169563,-112.274168,24
2740,"New Bedford, MA 02740, USA",43308,37.4,34259.0,20649,24.51510114,35.9130399,-98.12109679999999,0
62673,"Oakford, IL 62673, USA",697,35.9,60179.0,19800,17.36011478,40.0940561,-89.9720133,0
55063,"Pine City, MN 55063, USA",9171,43.2,47556.0,22709,13.60811253,45.8232502,-92.97038540000001,6
79118,"Amarillo, TX 79118, USA",20026,34.6,62323.0,25783,11.954459199999999,35.1042931,-101.7296049,0
57315,"Avon, SD 57315, USA",1141,40.3,44813.0,21359,16.38913234,42.9871112,-98.06834300000001,1
60305,"River Forest, IL 60305, USA",11183,41.4,113317.0,62034,5.651435214,41.8940762,-87.8205864,198
56358,"Ogilvie, MN 56358, USA",3353,41.2,49091.0,20779,13.9874739,45.8325877,-93.464192,0
27283,"Julian, NC 27283, USA",3124,43.4,52015.0,27215,7.458386684,35.9551354,-79.63898209999999,0
31771,"Norman Park, GA 31771, USA",6207,32.9,33524.0,17690,20.62187852,31.2664145,-83.6561215,0
37764,"Kodak, TN 37764, USA",9241,41.1,46102.0,22642,15.56108646,35.9848005,-83.6135572,5
45036,"Lebanon, OH 45036, USA",38476,36.9,68633.0,27591,7.74768687,39.445842,-84.20679919999999,23
33559,"Lutz, FL 33559, USA",16952,34.4,55643.0,27345,11.43817839,28.1537767,-82.4156829,53
30666,"Statham, GA 30666, USA",9287,37.3,53627.0,23167,8.301927425,33.9527142,-83.581615,3
60091,"Wilmette, IL 60091, USA",27268,43.8,129551.0,67089,2.9778494939999995,42.08057429999999,-87.7320368,151
42456,"Slaughters, KY 42456, USA",1438,39.6,47930.0,21130,14.534075099999999,37.5070164,-87.55936129999999,0
5454,"Fairfax, VT 05454, USA",4754,38.7,74911.0,31192,2.6924694989999995,47.3956791,8.3486479,66
90003,"Los Angeles, CA 90003, USA",66200,26.2,29686.0,9963,39.02114804,33.9657994,-118.2731269,114
68317,"Bennet, NE 68317, USA",1531,40.4,79063.0,30851,3.135205748,40.67409360000001,-96.5143087,1
87029,"Lindrith, NM 87029, USA",218,54.4,29265.0,28152,18.34862385,36.4560808,-106.9594723,0
7724,"Eatontown, NJ 07724, USA",21758,41.7,78064.0,39958,6.135674235,31.8704128,-85.9890392,3
98591,"Toledo, WA 98591, USA",3837,49.0,50488.0,24795,10.50299713,46.46427689999999,-122.7398348,0
72434,"Imboden, AR 72434, USA",1857,37.2,30625.0,16411,21.70166936,36.2358418,-91.15449629999999,1
4268,"Norway, ME 04268, USA",4999,49.2,38629.0,21431,16.58331666,33.3178667,-94.61785239999999,0
33542,"Zephyrhills, FL 33542, USA",21178,54.2,32174.0,20291,19.20861271,28.2333268,-82.17680179999999,15
13495,"Yorkville, NY 13495, USA",2168,38.4,48576.0,24413,9.086715867,43.11428660000001,-75.27415570000001,31
98362,"Port Angeles, WA 98362, USA",22052,47.5,43827.0,25914,14.38871758,47.9506586,-123.3456072,0
29170,"West Columbia, SC 29170, USA",21101,36.8,56415.0,25261,9.824178949,33.934921,-81.1526976,16
25571,"West Hamlin, WV 25571, USA",2371,43.7,36650.0,16769,26.40236187,38.2770826,-82.1822399,5
58369,"St John, ND 58369, USA",1306,38.9,29375.0,17469,30.93415008,48.9696899,-99.7917612,0
1469,"Townsend, MA 01469, USA",7044,40.4,78985.0,34037,4.997160704,37.3032872,-82.6466401,2
37067,"Franklin, TN 37067, USA",23391,37.6,95155.0,45675,3.266213501,35.9046545,-86.7718017,76
67351,"Liberty, KS 67351, USA",587,48.1,84250.0,30635,6.8143100510000005,37.1353975,-95.551228,0
18042,"Easton, PA 18042, USA",41921,35.2,45441.0,23227,15.42663581,40.6551234,-75.2128996,56
93637,"Madera, CA 93637, USA",40515,29.5,48974.0,17449,20.05183265,36.9152938,-120.2051096,0
8872,"Sayreville, NJ 08872, USA",20041,37.7,72956.0,32666,6.366947757,47.14149,9.0980613,15
12769,"Phillipsport, NY 12769, USA",142,50.2,48750.0,29437,27.46478873,41.6431129,-74.4481662,0
55802,"Duluth, MN 55802, USA",2212,59.5,24674.0,31860,25.36166365,46.7534028,-92.0681618,44
78941,"Flatonia, TX 78941, USA",2754,45.7,40304.0,23115,11.29266521,29.7574106,-97.1574784,0
57004,"Beresford, SD 57004, USA",3563,39.7,53958.0,25930,3.7047431939999997,43.0894534,-96.79223549999999,3
76638,"Crawford, TX 76638, USA",3083,41.2,77679.0,36692,7.362958158,31.5368553,-97.4489531,1
12723,"Callicoon, NY 12723, USA",2196,43.2,58102.0,25249,11.70309654,41.7682361,-75.0026972,5
12759,"Loch Sheldrake, NY 12759, USA",2033,30.1,37902.0,13996,25.62715199,41.775259,-74.6576091,10
50525,"Clarion, IA 50525, USA",3491,42.2,39200.0,25499,16.06989401,42.76244579999999,-93.7841503,5
60437,"Kinsman, IL 60437, USA",157,49.8,36563.0,23715,8.917197452,41.1815419,-88.56619529999999,0
23832,"Chesterfield, VA 23832, USA",32263,37.2,75942.0,31379,4.745373958,37.3976686,-77.5963271,29
45780,"The Plains, OH 45780, USA",3351,41.0,33892.0,17139,28.79737392,39.3676641,-82.1305609,15
53588,"Spring Green, WI 53588, USA",3831,44.8,58086.0,29862,9.814669798999999,43.2133937,-90.11206960000001,6
44143,"Cleveland, OH 44143, USA",24044,48.5,60265.0,34714,6.034769589,41.5544029,-81.4828198,110
36858,"Hatchechubbee, AL 36858, USA",540,37.4,71563.0,25395,2.407407407,32.2912801,-85.2929384,0
67047,"Fall River, KS 67047, USA",754,52.1,39500.0,20428,17.37400531,37.6328421,-96.0467429,1
49098,"Watervliet, MI 49098, USA",6388,37.0,42237.0,18480,21.08641202,42.1549524,-86.2361744,5
78122,"Leesville, TX 78122, USA",200,56.6,30610.0,20433,13.0,29.41650959999999,-97.6873706,0
57568,"Presho, SD 57568, USA",647,45.2,51700.0,28055,7.882534776,43.9119937,-100.1255164,1
8854,"Piscataway Township, NJ 08854, USA",56874,33.2,91164.0,32262,4.9706368460000006,33.8528941,-109.1824567,0
15656,"Leechburg, PA 15656, USA",10208,43.9,47658.0,25820,12.27468652,40.6327659,-79.6277523,15
84118,"Salt Lake City, UT 84118, USA",67019,30.4,61203.0,19777,12.23235202,40.6479987,-112.0059052,73
72007,"Austin, AR 72007, USA",6065,34.7,53125.0,21845,9.200329761,35.0114278,-91.99794109999999,19
92310,"Fort Irwin, CA 92310, USA",9049,22.7,49778.0,19066,7.768814234,35.2682707,-116.7142835,2
44629,"Gnadenhutten, OH 44629, USA",2707,35.9,43545.0,19101,9.050609531000001,40.3480833,-81.4388858,2
85262,"Scottsdale, AZ 85262, USA",11034,54.4,125884.0,80227,2.8729381910000003,33.791108,-111.8091625,2
67835,"Cimarron, KS 67835, USA",3105,33.4,52188.0,22510,13.68760064,37.9900677,-100.3048897,0
78214,"San Antonio, TX 78214, USA",23611,33.6,27222.0,13595,34.17898437,29.3172731,-98.4677851,30
83849,"Osburn, ID 83849, USA",1780,49.0,37946.0,22393,5.561797753,47.53796029999999,-115.9890696,3
17097,"Wiconisco, PA 17097, USA",746,44.6,49904.0,25655,6.702412869,40.572085,-76.6860267,3
73014,"Calumet, OK 73014, USA",1642,39.8,58264.0,26515,9.439707674,35.6172323,-98.1557066,1
25431,"Levels, WV 25431, USA",219,50.5,31161.0,21822,12.32876712,39.49588,-78.56107,0
38844,"Gattman, MS 38844, USA",153,58.9,36071.0,20537,16.99346405,33.8176859,-88.25585249999999,0
60018,"Des Plaines, IL 60018, USA",28749,39.9,54688.0,25289,11.30821942,42.0144814,-87.8991514,148
56726,"Greenbush, MN 56726, USA",1582,42.2,52235.0,27445,5.752212388999999,48.752125,-96.22979989999999,1
76556,"Milano, TX 76556, USA",1392,50.7,39375.0,21201,17.52873563,30.6897762,-96.89944949999999,0
21053,"Freeland, MD 21053, USA",3227,45.5,90361.0,36118,3.811589712,39.6970138,-76.7221082,7
98106,"Seattle, WA 98106, USA",23855,35.3,57875.0,27922,16.38230979,47.5476069,-122.3514653,173
51448,"Kiron, IA 51448, USA",653,40.8,44219.0,22819,11.332312400000001,42.2111665,-95.33116520000002,1
60468,"Peotone, IL 60468, USA",5847,41.5,75000.0,30813,3.4889687019999998,41.3200326,-87.79600669999999,2
72079,"Jefferson, AR 72079, USA",766,44.2,34375.0,20873,10.31331593,34.3891413,-92.1941598,1
72833,"Danville, AR 72833, USA",4297,36.7,41512.0,17870,21.73609495,35.0111286,-93.4801349,0
71353,"Melville, LA 71353, USA",1646,43.4,26719.0,19660,36.39125152,30.68885,-91.7441475,1
50002,"Adair, IA 50002, USA",1338,41.3,40550.0,23974,15.3961136,41.5283965,-94.6243751,2
35117,"Mt Olive, AL 35117, USA",5550,37.5,72500.0,29385,13.53153153,33.6793182,-86.8922723,12
70748,"Jackson, LA 70748, USA",6440,43.0,41489.0,17350,17.14285714,30.8328549,-91.20252070000001,2
27541,"Hurdle Mills, NC 27541, USA",4295,45.1,56346.0,27996,5.797438882000001,36.2603922,-79.08710049999999,0
17938,"Hegins, PA 17938, USA",2489,42.7,58409.0,23520,4.660506227,40.65513869999999,-76.4910093,3
39180,"Vicksburg, MS 39180, USA",33827,37.1,40661.0,21209,24.25577202,32.2170441,-90.86751339999999,1
51433,"Auburn, IA 51433, USA",582,48.3,47500.0,22422,6.013745704,42.2708877,-94.8728093,0
44276,"Sterling, OH 44276, USA",1879,40.2,52330.0,24753,13.51782863,40.9413645,-81.8333656,8
41073,"Bellevue, KY 41073, USA",5810,37.7,53396.0,26881,9.432013769,39.0992398,-84.47763719999999,189
19372,"Thorndale, PA 19372, USA",1536,35.3,75347.0,44586,2.799479167,39.9991738,-75.7618593,29
55342,"Hector, MN 55342, USA",2065,42.2,55982.0,26832,7.89346247,44.7137564,-94.7691586,1
6019,"Canton, CT 06019, USA",10249,45.1,88281.0,44781,3.766221095,-31.896864,115.7634366,92
61067,"Ridott, IL 61067, USA",645,49.6,40726.0,37925,8.062015504,42.3040907,-89.48366879999999,0
88337,"La Luz, NM 88337, USA",2487,48.1,46996.0,23700,6.3932448729999996,33.0064888,-105.8642593,0
23665,"Hampton, VA 23665, USA",5593,22.2,52313.0,18789,3.969247273,37.0860239,-76.3579401,32
67530,"Great Bend, KS 67530, USA",19576,39.1,43352.0,26179,14.727217000000001,38.3423212,-98.8142264,22
85611,"Elgin, AZ 85611, USA",963,53.1,50441.0,23419,9.345794393,31.672597,-110.4977108,0
20634,"Great Mills, MD 20634, USA",6562,31.9,79944.0,35961,9.295946358,38.22016139999999,-76.49679189999999,9
24137,"Penhook, VA 24137, USA",2893,46.3,54979.0,30491,11.61424127,36.9109694,-79.67266320000002,0
19944,"Fenwick Island, DE 19944, USA",551,63.7,62000.0,56948,2.3593466419999998,38.4656784,-75.0552739,12
84093,"Sandy, UT 84093, USA",23237,41.0,94938.0,40837,5.116839523,40.596417,-111.8270486,110
82934,"Granger, WY 82934, USA",239,33.1,32450.0,13016,7.112970711,41.5937675,-109.9973244,0
32064,"Live Oak, FL 32064, USA",6841,34.4,24090.0,14169,35.87194855,30.2889718,-82.9985343,7
76031,"Cleburne, TX 76031, USA",17360,36.1,46714.0,20226,15.69700461,32.3470049,-97.33005299999999,15
25559,"Salt Rock, WV 25559, USA",2105,41.9,55120.0,22464,11.11638955,38.3233363,-82.2474648,2
25442,"Shenandoah Junction, WV 25442, USA",1734,35.0,73949.0,31249,6.978085352000001,39.371522,-77.8252923,10
62330,"Dallas City, IL 62330, USA",1852,39.5,39271.0,20130,14.63282937,40.588868,-91.09693999999999,1
99102,"Albion, WA 99102, USA",519,35.4,43977.0,23766,11.75337187,46.7897474,-117.2503412,0
59802,"Missoula, MT 59802, USA",19292,33.0,37931.0,25060,22.29939871,46.9539821,-113.9120099,0
59743,"Melrose, MT 59743, USA",159,57.4,39293.0,27250,20.12578616,45.6898627,-112.6372651,0
69101,"North Platte, NE 69101, USA",29745,38.4,45156.0,25867,11.58177845,41.2169959,-100.7548851,2
55060,"Owatonna, MN 55060, USA",28884,39.4,54945.0,27727,10.431380699999998,44.0888533,-93.21814769999999,12
59522,"Chester, MT 59522, USA",1784,49.2,43036.0,25407,26.00896861,48.5176651,-111.0536023,3
58647,"New England, ND 58647, USA",1156,47.0,49375.0,26557,5.882352941000001,46.4819779,-102.913013,1
94556,"Moraga, CA 94556, USA",15064,47.4,120960.0,62600,4.155602762,37.8357202,-122.1178261,37
78004,"Bergheim, TX 78004, USA",1397,44.7,124592.0,41737,0.0,29.8539024,-98.5336525,0
57219,"Bristol, SD 57219, USA",727,50.1,57574.0,22913,5.777166437000001,45.2963479,-97.8048733,1
75457,"Mt Vernon, TX 75457, USA",6116,40.7,39909.0,26517,15.89274035,33.172705,-95.2057909,7
82932,"Farson, WY 82932, USA",1032,35.9,91115.0,40005,2.228682171,42.1543456,-109.4259114,0
87583,"Villanueva, NM 87583, USA",115,60.4,4955.0,5947,63.47826087,35.2256813,-105.3248269,0
97711,"Ashwood, OR 97711, USA",123,34.5,27188.0,12480,41.46341463,44.7135374,-120.6149684,0
47393,"Williamsburg, IN 47393, USA",1823,40.4,53698.0,18472,20.62534284,39.9665432,-85.01295089999999,0
28663,"Piney Creek, NC 28663, USA",709,39.6,36000.0,20294,13.39915374,36.5401134,-81.30693149999999,0
42025,"Benton, KY 42025, USA",19744,43.2,42310.0,21348,11.51742301,36.8138037,-88.362785,10
63304,"St Charles, MO 63304, USA",40094,39.8,85329.0,35568,4.3373073280000005,38.70360050000001,-90.6488505,61
8234,"Egg Harbor Township, NJ 08234, USA",42491,39.3,71316.0,29387,8.020521993,47.3908128,15.9799981,11
6801,"Bethel, CT 06801, USA",18911,40.9,85884.0,38941,3.870763048,47.3810193,-92.6428514,0
34224,"Englewood, FL 34224, USA",15432,60.1,39645.0,24929,14.34033178,26.9288268,-82.31262939999999,18
91207,"Glendale, CA 91207, USA",10435,45.6,91005.0,47259,4.532822233,34.1893001,-118.2702036,146
10303,"Staten Island, NY 10303, USA",24537,31.1,51537.0,22077,21.82825936,40.6311444,-74.17390569999999,174
77378,"Willis, TX 77378, USA",14151,34.7,48136.0,24117,19.37672249,30.48826679999999,-95.33116520000002,0
35801,"Huntsville, AL 35801, USA",22253,44.0,59352.0,41807,8.668494136,34.7364493,-86.5501654,68
16930,"Liberty, PA 16930, USA",1348,41.0,44934.0,20611,15.05934718,41.5701913,-77.1255055,1
957,"Bayamón, 00957, Puerto Rico",46252,37.1,23736.0,11453,37.99619476,30.7534656,-91.080247,1
49036,"Coldwater, MI 49036, USA",23706,41.6,42635.0,21336,14.79794145,41.9327779,-85.0649071,17
10553,"Mt Vernon, NY 10553, USA",9895,40.7,58514.0,26137,15.26023244,40.9071072,-73.8213213,196
25699,"Wilsondale, WV 25699, USA",119,42.0,11875.0,6104,89.91596639,37.9719124,-82.33433749999999,0
26202,"Fenwick, WV 26202, USA",762,42.1,49205.0,17950,3.543307087,38.2251814,-80.621591,1
48659,"Sterling, MI 48659, USA",2781,43.1,44315.0,19879,12.54944265,44.1093153,-83.99558789999999,0
69334,"Bayard, NE 69334, USA",2305,46.5,43575.0,21241,12.10412148,41.813568,-103.3125299,1
65729,"Pontiac, MO 65729, USA",337,54.1,67350.0,32609,28.78338279,36.5328999,-92.5842062,0
10984,"Thiells, NY 10984, USA",3317,42.5,112016.0,39093,0.45221585799999997,41.2099325,-74.0153231,36
39097,"Louise, MS 39097, USA",495,58.0,26838.0,17399,34.94949495,33.0100039,-90.5825359,0
2145,"Somerville, MA 02145, USA",24659,33.0,55487.0,29355,16.34697271,-33.8173961,150.9481887,199
49058,"Hastings, MI 49058, USA",19031,40.8,46777.0,22137,13.18375282,42.6306916,-85.2929384,9
59453,"Judith Gap, MT 59453, USA",337,42.4,38750.0,20918,10.08902077,46.6266707,-109.7628306,0
63039,"Gray Summit, MO 63039, USA",1297,31.7,44521.0,18539,4.703161141,38.4977334,-90.8436885,6
92392,"Victorville, CA 92392, USA",54557,27.9,58667.0,19090,19.85446414,34.4854334,-117.4203974,14
1527,"Millbury, MA 01527, USA",13264,43.0,71832.0,32329,5.247285887,33.6538868,-81.59899709999999,1
53576,"Orfordville, WI 53576, USA",2452,37.9,55893.0,22504,12.19412724,42.6071661,-89.2277026,1
2382,"Whitman, MA 02382, USA",14567,39.1,72462.0,32541,7.736665065,36.77595300000001,-84.15721479999999,7
78414,"Corpus Christi, TX 78414, USA",33033,34.0,75971.0,33464,5.542941907,27.6474296,-97.3624598,26
36558,"Millry, AL 36558, USA",3946,42.1,42500.0,21410,13.71008616,31.5722275,-88.362785,0
58331,"Egeland, ND 58331, USA",116,53.5,69792.0,51149,1.724137931,48.6206058,-99.1062244,0
32535,"Century, FL 32535, USA",6015,37.8,34107.0,13066,14.28096426,30.9724762,-87.3711477,0
7718,"Belford, NJ 07718, USA",6143,40.5,87398.0,36267,6.82077161,29.091596,-98.8632494,6
32444,"Lynn Haven, FL 32444, USA",19205,40.2,61233.0,28643,10.77323614,30.2371159,-85.6537627,34
77520,"Baytown, TX 77520, USA",37735,32.1,43409.0,18650,21.62978667,29.7299827,-94.9870491,21
22102,"McLean, VA 22102, USA",22146,40.2,112427.0,82461,3.7207622139999996,38.9586422,-77.22901929999999,124
48221,"Detroit, MI 48221, USA",39455,39.6,38588.0,20123,23.49005196,42.4349152,-83.15417959999999,83
15937,"Jerome, PA 15937, USA",601,45.7,65000.0,24503,5.158069884,40.2084869,-78.9885845,3
32025,"Lake City, FL 32025, USA",23341,35.2,39916.0,17493,16.04472816,30.111156,-82.5834947,0
38224,"Cottage Grove, TN 38224, USA",1044,39.2,36932.0,19238,20.11494253,36.4053896,-88.49849909999999,1
59752,"Three Forks, MT 59752, USA",3236,44.0,51176.0,25177,8.683559951,45.8869053,-111.5684932,3
98409,"Tacoma, WA 98409, USA",23423,31.4,46886.0,21513,19.83520471,47.2019421,-122.4780243,128
44305,"Akron, OH 44305, USA",21899,37.6,36944.0,18868,23.43486004,41.0745913,-81.46085599999999,95
63128,"St. Louis, MO 63128, USA",29973,49.1,73440.0,39328,3.416408101,38.4948766,-90.38425269999999,97
12789,"Woodridge, NY 12789, USA",1887,37.5,51827.0,23318,10.81081081,41.6918858,-74.5814773,4
3048,"Greenville, NH 03048, USA",3513,43.6,62321.0,28864,11.07315685,32.4402155,-91.7290464,5
64625,"Breckenridge, MO 64625, USA",549,43.7,36250.0,20795,17.12204007,39.7340069,-93.80448310000001,1
27249,"Gibsonville, NC 27249, USA",12596,42.1,50095.0,25651,10.86852969,36.1663776,-79.59405439999999,0
99737,"Delta Junction, AK 99737, USA",4964,33.5,71250.0,32842,11.42224013,63.8367895,-145.1298259,0
62340,"Griggsville, IL 62340, USA",1569,43.8,38036.0,20380,20.84130019,50.86210759999999,1.8577529,7
4357,"Richmond, ME 04357, USA",3393,43.4,59961.0,26571,8.871205423,34.614541,-95.2749613,1
44510,"Youngstown, OH 44510, USA",2543,35.5,13917.0,9907,52.02516713,41.1280414,-80.6715317,65
41564,"Sidney, KY 41564, USA",1312,34.3,41806.0,16302,19.89329268,37.6143052,-82.3560389,0
76706,"Waco, TX 76706, USA",36055,22.6,26398.0,14613,38.15004854,31.456042,-97.0713572,1
59201,"Wolf Point, MT 59201, USA",5193,30.8,42699.0,17624,20.75871365,48.379169,-105.6163785,0
55396,"Winthrop, MN 55396, USA",2231,41.8,48919.0,23296,13.5365307,44.580169,-94.35651299999999,3
65017,"Brumley, MO 65017, USA",1580,44.2,42083.0,19123,20.56962025,38.0582333,-92.4801989,1
67849,"Hanston, KS 67849, USA",486,43.0,63214.0,26015,4.938271605,38.146514,-99.70097539999999,1
28226,"Charlotte, NC 28226, USA",37412,41.1,68291.0,48777,6.388324602000001,35.1173473,-80.7990185,112
57369,"Platte, SD 57369, USA",2344,47.7,46196.0,23758,8.361774744,43.400581,-98.96870109999999,0
22834,"Linville, VA 22834, USA",1092,38.6,40357.0,30224,8.882783883,38.5503911,-78.8722341,1
63951,"Lowndes, MO 63951, USA",219,48.8,47768.0,20417,25.11415525,37.0826711,-90.26200419999999,0
93954,"San Lucas, CA 93954, USA",222,31.8,39167.0,12520,40.54054054,36.1184726,-120.9589496,0
76525,"Evant, TX 76525, USA",1113,44.9,42750.0,21032,11.32075472,31.4823544,-98.1557066,1
95490,"Willits, CA 95490, USA",12158,46.9,38394.0,22551,19.46866261,39.505272,-123.3486147,0
27853,"Margarettsville, NC 27853, USA",659,42.8,25966.0,11178,40.06069803,36.5219992,-77.3209555,0
26807,"Franklin, WV 26807, USA",2886,45.6,36550.0,20860,18.19126819,38.6518998,-79.4028639,3
76310,"Wichita Falls, TX 76310, USA",18492,37.2,63646.0,27924,10.19900498,33.7928627,-98.5062007,7
43030,"Jacksontown, OH 43030, USA",180,54.0,,27844,0.0,39.9595844,-82.4153441,11
63030,"Fletcher, MO 63030, USA",315,41.0,49441.0,22871,7.936507937000001,38.1348152,-90.74377609999999,0
3077,"Raymond, NH 03077, USA",10218,39.5,61488.0,27774,6.517909571000001,30.2251986,-93.3593315,20
49269,"Parma, MI 49269, USA",5954,43.0,48185.0,24291,19.83540477,42.2859231,-84.5850997,1
25111,"Indore, WV 25111, USA",723,43.4,36417.0,15064,32.08852006,38.3920732,-81.1526976,0
98270,"Marysville, WA 98270, USA",46105,35.2,65130.0,26833,12.85543867,48.0563616,-122.1492224,40
14304,"Niagara Falls, NY 14304, USA",29745,44.7,47878.0,25791,11.23213986,43.0939533,-78.9627624,20
52133,"Castalia, IA 52133, USA",625,40.3,66333.0,26065,5.28,43.1141677,-91.6663523,0
97321,"Albany, OR 97321, USA",24852,41.1,60271.0,27961,11.657009500000001,44.6393041,-123.1323006,24
24083,"Daleville, VA 24083, USA",2277,46.4,91295.0,47678,0.658761528,37.4047916,-79.9248669,19
23440,"Tangier, VA 23440, USA",483,55.7,40833.0,20990,21.32505176,37.835345,-75.9898631,0
52560,"Floris, IA 52560, USA",483,44.6,53472.0,21979,11.18012422,40.8259755,-92.2335066,0
48386,"White Lake, MI 48386, USA",18081,42.9,74321.0,33301,6.448758365,42.6489461,-83.4750241,28
47926,"Burnettsville, IN 47926, USA",932,35.9,50469.0,20121,8.690987124,40.7163401,-86.59053709999999,1
68005,"Bellevue, NE 68005, USA",24163,34.2,53794.0,25101,13.99246782,41.1596468,-95.9092754,32
16029,"East Butler, PA 16029, USA",647,40.0,41875.0,22128,13.29211747,40.8756815,-79.841579,17
17980,"Tower City, PA 17980, USA",2963,45.3,50240.0,24934,10.76611542,40.596463,-76.5430429,6
4637,"Grand Lake Stream, ME 04637, USA",123,65.4,31125.0,33564,2.43902439,29.3442557,-98.980857,0
60645,"Chicago, IL 60645, USA",46913,35.0,48918.0,25500,18.4192015,42.0105286,-87.6926257,197
74438,"Hitchita, OK 74438, USA",265,31.6,46875.0,14888,17.35849057,35.5198866,-95.7513494,0
19076,"Prospect Park, PA 19076, USA",6606,36.2,67727.0,26908,10.44504995,39.885086,-75.30914829999999,144
12010,"Amsterdam, NY 12010, USA",28802,41.7,44256.0,25059,17.609888199999997,42.9297842,-74.1474846,12
77328,"Cleveland, TX 77328, USA",15666,34.0,48250.0,19670,18.51780927,30.3792489,-95.18492189999999,0
29113,"Norway, SC 29113, USA",2176,32.1,36875.0,13381,24.31066176,33.4229886,-81.1306391,0
30601,"Athens, GA 30601, USA",21349,26.0,20884.0,13402,47.20127406,34.00684500000001,-83.3468784,27
44093,"Williamsfield, OH 44093, USA",1104,37.8,32344.0,20559,42.21014493,41.52675259999999,-80.621591,2
10803,"Pelham, NY 10803, USA",12439,39.7,140000.0,73808,3.006672562,40.8996475,-73.8036752,192
71331,"Effie, LA 71331, USA",841,34.3,37109.0,18372,24.61355529,31.2692973,-92.0469151,0
71340,"Harrisonburg, LA 71340, USA",1612,33.7,30560.0,19909,8.498759305,31.8200828,-91.851343,2
54822,"Cameron, WI 54822, USA",4585,39.9,48598.0,22565,11.23227917,45.41805060000001,-91.72119479999999,7
61929,"Hammond, IL 61929, USA",652,45.7,47891.0,23964,5.2147239260000005,39.8295453,-88.6530753,1
59846,"Huson, MT 59846, USA",1148,58.5,52891.0,26606,10.27874564,47.1334522,-114.4918933,0
73951,"Tyrone, OK 73951, USA",1085,28.7,43125.0,16762,22.94930876,36.9306369,-101.048549,0
18519,"Scranton, PA 18519, USA",4838,41.6,38990.0,24672,11.6783795,41.4635035,-75.626628,93
62025,"Edwardsville, IL 62025, USA",33736,35.2,72877.0,34115,9.097106947999999,38.8414469,-89.9440061,24
41046,"Glencoe, KY 41046, USA",1991,24.0,37585.0,13209,27.22250126,38.7099232,-84.7889907,0
25401,"Martinsburg, WV 25401, USA",14987,34.7,36600.0,21158,27.20357643,39.4529363,-77.9681544,32
27822,"Elm City, NC 27822, USA",8082,43.6,46250.0,21943,18.70824053,35.7978006,-77.85959629999999,7
49616,"Benzonia, MI 49616, USA",1884,45.7,39145.0,18568,17.78131635,44.5769402,-86.0733498,4
58075,"Wahpeton, ND 58075, USA",9028,35.9,51179.0,27588,12.72707133,46.2817215,-96.69927779999999,11
12831,"Gansevoort, NY 12831, USA",17644,40.3,71393.0,33481,3.8823396060000004,43.2029076,-73.6771662,1
95237,"Lockeford, CA 95237, USA",3269,38.7,44542.0,22400,16.70235546,38.160627,-121.1424001,2
55346,"Eden Prairie, MN 55346, USA",16405,40.8,100775.0,46370,3.2124352330000003,44.8814895,-93.4902391,70
46236,"Indianapolis, IN 46236, USA",27509,40.3,80833.0,38140,4.74753717,39.9008411,-85.9611082,47
17327,"Glen Rock, PA 17327, USA",8190,46.7,67791.0,32177,3.504273504,39.7719423,-76.7567368,18
50433,"Dougherty, IA 50433, USA",206,45.4,55781.0,41122,3.8834951460000005,42.920982,-93.0375914,1
28076,"Henrietta, NC 28076, USA",1060,30.0,25221.0,9871,52.45283019,35.266252,-81.7932261,0
24281,"Rose Hill, VA 24281, USA",2691,37.6,22902.0,15557,37.08658491,36.6591508,-83.3148018,2
62633,"Easton, IL 62633, USA",690,50.3,56250.0,27852,7.536231883999999,40.2065985,-89.8692203,1
33496,"Boca Raton, FL 33496, USA",22354,54.2,83138.0,64715,7.935939877000001,26.4039904,-80.1596041,125
88353,"Vaughn, NM 88353, USA",534,26.9,30179.0,12829,13.48314607,34.52900870000001,-105.1258955,0
89316,"Eureka, NV 89316, USA",1513,38.7,63603.0,26280,14.87111699,39.564892,-115.9940986,1
92252,"Joshua Tree, CA 92252, USA",10047,45.0,42338.0,22951,18.77177267,34.193766,-116.2540856,1
21750,"Hancock, MD 21750, USA",3999,38.6,47857.0,21608,11.10277569,39.6931059,-78.2703951,2
28436,"Delco, NC 28436, USA",2170,37.9,45417.0,22077,13.13364055,34.2755079,-78.2703951,0
86507,"Lukachukai, AZ 86507, USA",2464,24.1,22009.0,8346,48.29545455,36.4106866,-109.2593642,0
49893,"Wallace, MI 49893, USA",2008,47.9,59696.0,27882,8.964143426,45.2932752,-87.6120353,0
5483,"Sheldon, VT 05483, USA",1481,35.9,65039.0,24743,7.4949358539999995,46.7387124,-92.2849525,2
33029,"Hollywood, FL 33029, USA",47086,36.6,88264.0,30976,3.32370556,25.9839048,-80.4326521,14
77336,"Huffman, TX 77336, USA",12022,36.0,62995.0,30721,9.632340709,30.0721659,-95.09110620000001,3
28208,"Charlotte, NC 28208, USA",34474,32.9,28435.0,14056,31.94001276,35.212973,-80.9097127,99
38870,"Smithville, MS 38870, USA",2559,40.8,53443.0,22094,7.463853068,34.0752962,-88.3433623,1
47431,"Freedom, IN 47431, USA",1268,35.6,37500.0,19556,31.23028391,39.2274015,-86.8922723,0
47670,"Princeton, IN 47670, USA",12140,39.5,45915.0,23971,12.42174629,38.3544747,-87.55936129999999,10
55419,"Minneapolis, MN 55419, USA",26808,36.8,94177.0,49251,8.075947478,44.9061358,-93.2885455,162
30236,"Jonesboro, GA 30236, USA",44082,33.9,40107.0,21374,22.28347171,33.5213067,-84.3226488,28
16699,"Cresson, PA 16699, USA",820,34.7,,4506,0.0,40.46,-78.59,8
47367,"Oakville, IN 47367, USA",123,39.8,41250.0,16255,0.0,40.0775267,-85.3917599,0
29001,"Alcolu, SC 29001, USA",1954,36.9,33205.0,17998,18.93551689,33.7823236,-80.1651854,0
13635,"Edwards, NY 13635, USA",837,46.0,33194.0,21320,17.68219833,44.2825835,-75.2452318,0
11385,"Ridgewood, NY 11385, USA",99379,35.0,50799.0,23272,18.03298484,40.6980708,-73.8948295,199
95246,"Mountain Ranch, CA 95246, USA",1207,52.8,47379.0,29646,5.21955261,38.2449553,-120.5048792,0
98358,"Nordland, WA 98358, USA",1237,51.6,51146.0,28010,6.224737267999999,48.055251,-122.6957073,4
43050,"Mt Vernon, OH 43050, USA",28612,41.9,42576.0,23495,16.33230812,40.3521894,-82.5185837,11
55735,"Finlayson, MN 55735, USA",1802,49.0,40592.0,23097,15.53829079,46.2074923,-93.02639339999999,0
27358,"Summerfield, NC 27358, USA",14998,43.0,88382.0,40210,4.320576077,36.2345022,-79.8856824,4
16870,"Port Matilda, PA 16870, USA",6735,39.1,84808.0,37320,3.414996288,40.8033255,-78.0880129,0
52315,"Newhall, IA 52315, USA",958,42.4,61750.0,27831,1.461377871,42.00128840000001,-92.0077316,2
75942,"Doucette, TX 75942, USA",289,38.1,43512.0,15008,26.29757785,30.8182143,-94.4288102,4
14806,"Andover, NY 14806, USA",2161,41.6,49792.0,22379,17.26052753,42.1414761,-77.77953699999999,1
71957,"Mt Ida, AR 71957, USA",3004,54.9,35445.0,21459,16.67776298,34.5220817,-93.6015207,2
85383,"Peoria, AZ 85383, USA",38400,36.7,101526.0,37735,3.5703125,33.7868136,-112.28609,5
44867,"Republic, OH 44867, USA",2294,42.1,59268.0,27746,6.800348736,41.1388267,-83.0039075,1
56289,"Sunburg, MN 56289, USA",671,47.7,57159.0,26149,3.8748137110000003,45.3482794,-95.2487647,1
49234,"Clarklake, MI 49234, USA",2665,47.3,58250.0,30245,16.62288931,42.1277049,-84.3647199,1
57075,"Wentworth, SD 57075, USA",791,52.9,49375.0,39309,14.41213654,43.9776779,-96.9853474,0
23228,"Henrico, VA 23228, USA",33844,35.1,44224.0,23998,15.56258126,37.6164453,-77.4816693,115
57725,"Caputa, SD 57725, USA",110,66.6,57841.0,21549,16.36363636,43.9365164,-102.8514837,0
31547,"Kings Bay Base, GA 31547, USA",952,22.0,45238.0,24428,12.18487395,30.783719,-81.5514154,12
42366,"Philpot, KY 42366, USA",5847,43.2,63170.0,26182,4.9769112369999995,37.7060405,-86.96240859999999,0
17263,"State Line, PA 17263, USA",597,47.0,63430.0,37458,15.41038526,39.7229767,-77.7246414,23
27317,"Randleman, NC 27317, USA",16383,40.5,42295.0,22432,16.66971861,35.8392781,-79.7960523,6
42031,"Clinton, KY 42031, USA",3251,49.1,32123.0,18442,24.17717625,36.6699583,-88.99880979999999,2
73673,"Willow, OK 73673, USA",352,53.6,40234.0,26554,16.19318182,35.0343164,-99.5673479,0
28454,"Maple Hill, NC 28454, USA",1813,42.6,20711.0,13553,27.854384999999997,34.6923643,-77.6307018,0
95240,"Lodi, CA 95240, USA",46482,33.1,41172.0,19814,22.97233338,38.1484821,-121.1022942,2
49781,"St Ignace, MI 49781, USA",4303,44.2,39838.0,23000,15.26841738,46.0316836,-84.7552977,0
85233,"Gilbert, AZ 85233, USA",39027,34.7,75365.0,32900,7.628052374,33.3519301,-111.8210866,123
72039,"Damascus, AR 72039, USA",2402,40.8,33857.0,19838,22.98084929,35.3440282,-92.4406387,2
12941,"Jay, NY 12941, USA",1374,44.6,72361.0,40100,8.806404658,44.3433912,-73.71925279999999,0
83634,"Kuna, ID 83634, USA",25875,31.0,59221.0,16711,16.45217391,43.4356614,-116.2605101,0
37727,"Del Rio, TN 37727, USA",2101,49.8,29779.0,20369,25.70204664,35.9080666,-83.01465259999999,0
69163,"Stapleton, NE 69163, USA",828,50.4,45481.0,25348,13.4057971,41.5155698,-100.5296115,1
28697,"Wilkesboro, NC 28697, USA",12899,42.9,39945.0,25458,22.92425769,36.1365807,-81.22985299999999,17
17214,"Blue Ridge Summit, PA 17214, USA",1158,44.7,52112.0,29722,8.635578584,39.753684,-77.4730653,5
47436,"Heltonville, IN 47436, USA",1557,42.5,42042.0,18000,10.46885035,38.963881,-86.4086061,0
79703,"Midland, TX 79703, USA",21214,30.5,57842.0,23946,8.80079193,31.9810423,-102.1346874,79
28349,"Kenansville, NC 28349, USA",4277,38.3,39057.0,15572,17.9331307,34.9812417,-77.9053182,4
65332,"Green Ridge, MO 65332, USA",1656,40.3,40511.0,18929,14.00966184,38.6247363,-93.3993751,1
93545,"Lone Pine, CA 93545, USA",2214,40.6,32473.0,18444,18.06684734,36.5131184,-118.0888578,0
14715,"Bolivar, NY 14715, USA",2763,40.2,45030.0,22257,15.63517915,42.0765655,-78.1792434,2
97366,"Newport, OR 97366, USA",1301,58.8,53135.0,36010,4.996156802,44.5772172,-124.053674,10
15018,"Buena Vista, PA 15018, USA",668,44.1,50588.0,20773,13.32335329,40.286781,-79.78764489999999,15
63566,"Winigan, MO 63566, USA",118,38.9,34107.0,15108,0.0,40.0361993,-92.9475662,1
33025,"Hollywood, FL 33025, USA",57766,32.9,51822.0,23660,12.01398747,25.9906428,-80.2793593,112
1585,"West Brookfield, MA 01585, USA",4646,45.7,62667.0,31262,10.03013345,36.8349426,-87.70381809999999,0
85606,"Cochise, AZ 85606, USA",1426,53.4,27406.0,17731,25.245441800000002,32.05452400000001,-109.9020509,0
28327,"Carthage, NC 28327, USA",15333,40.6,51609.0,23841,14.78510402,35.40687,-79.4253776,5
63138,"St. Louis, MO 63138, USA",20863,30.3,33691.0,17488,25.58596559,38.7994436,-90.20571079999999,17
38858,"Nettleton, MS 38858, USA",7392,39.1,38586.0,18655,23.80952381,34.1222666,-88.5371958,0
13068,"Freeville, NY 13068, USA",5693,44.0,66480.0,30384,7.728789742000001,42.5014845,-76.3521514,3
52320,"Olin, IA 52320, USA",1109,46.6,59167.0,29853,9.738503156,42.0130002,-91.15449629999999,1
27826,"Fairfield, NC 27826, USA",963,49.4,38362.0,16651,16.61474559,35.5738935,-76.2015572,2
6069,"Sharon, CT 06069, USA",2440,57.0,73958.0,54815,6.557377048999999,-31.7645555,116.005922,9
54120,"Fence, WI 54120, USA",111,53.5,31250.0,19959,11.71171171,45.72170089999999,-88.3800868,0
46996,"Winamac, IN 46996, USA",7358,40.1,45412.0,20784,16.5941832,41.0326638,-86.7013894,1
5053,"North Pomfret, VT 05053, USA",331,56.1,70227.0,39193,10.57401813,33.0536882,-89.4169995,0
49874,"Powers, MI 49874, USA",1208,46.9,35729.0,19398,15.64569536,45.74362989999999,-87.4928554,1
97016,"Clatskanie, OR 97016, USA",6714,45.6,57153.0,25154,14.38784629,46.0522259,-123.2831436,0
42717,"Burkesville, KY 42717, USA",6711,43.4,30985.0,16875,23.31992252,36.7776446,-85.35496499999999,3
5658,"Marshfield, VT 05658, USA",1505,41.6,43958.0,22443,17.674418600000003,46.606687,-114.584356,0
61062,"Pearl City, IL 61062, USA",1964,40.7,60000.0,26087,9.266802444,42.2755343,-89.81303559999999,1
47591,"Vincennes, IN 47591, USA",26995,37.1,40815.0,20681,14.11002037,38.605823,-87.5198011,11
85743,"Tucson, AZ 85743, USA",28858,41.2,69577.0,32411,7.422551805,32.3324642,-111.2129616,0
37080,"Joelton, TN 37080, USA",7962,44.3,61824.0,25231,8.013062045,36.3319963,-86.9223432,1
93925,"Chualar, CA 93925, USA",1708,32.5,70909.0,23642,7.142857143,36.5999881,-121.3770336,0
74956,"Shady Point, OK 74956, USA",2269,36.4,40652.0,18796,19.52401939,35.0985106,-94.7898731,0
66088,"Valley Falls, KS 66088, USA",2579,42.8,50667.0,25268,7.98759209,39.3183799,-95.435853,1
57785,"Sturgis, SD 57785, USA",9276,45.9,38638.0,24036,14.80163864,44.4154703,-103.5090025,5
61013,"Cedarville, IL 61013, USA",488,50.2,55000.0,27283,11.2704918,42.37172959999999,-89.63163759999999,3
6824,"Fairfield, CT 06824, USA",34864,38.5,128558.0,60182,4.692519504,47.5096429,-92.60382419999999,15
43157,"Thurston, OH 43157, USA",606,32.6,27614.0,13239,32.34323432,39.84339480000001,-82.5496946,5
71405,"Ball, LA 71405, USA",5687,35.8,55242.0,23941,15.73764727,31.4061799,-92.396174,12
30120,"Cartersville, GA 30120, USA",37250,35.9,44141.0,20678,19.53288591,34.1577811,-84.87763919999999,12
97146,"Warrenton, OR 97146, USA",5795,40.1,41192.0,23133,17.01466782,46.12785119999999,-123.927441,3
62613,"Athens, IL 62613, USA",3774,37.8,60284.0,28806,5.9088500260000005,40.0013284,-89.68162079999999,1
97229,"Portland, OR 97229, USA",59983,37.8,100063.0,44657,4.851374556000001,45.5593978,-122.807445,59
11105,"New York, NY 11105, USA",36190,35.3,57525.0,33537,13.53688864,40.7787902,-73.9065883,200
6444,"Marion, CT 06444, USA",134,29.7,103636.0,22178,0.0,35.9801029,-93.768637,0
97389,"Tangent, OR 97389, USA",1576,36.5,46250.0,21717,16.18020305,44.5277138,-123.0941587,1
76377,"Petrolia, TX 76377, USA",787,41.3,48750.0,22710,6.861499365,34.0190414,-98.2760021,0
41540,"Lick Creek, KY 41540, USA",235,40.2,62672.0,24235,9.787234043,37.3845617,-82.3289111,3
47952,"Kingman, IN 47952, USA",2685,45.5,37232.0,20271,18.212290499999998,39.9709267,-87.32149079999999,2
60565,"Naperville, IL 60565, USA",40864,40.8,113581.0,45408,3.57527408,41.7353591,-88.1193763,129
45328,"Gettysburg, OH 45328, USA",692,30.4,43750.0,14939,28.03468208,40.1124889,-84.4940315,3
78885,"Vanderpool, TX 78885, USA",106,55.5,80417.0,38706,4.716981132,29.7918251,-99.5228528,0
49415,"Fruitport, MI 49415, USA",6260,44.3,51587.0,26853,6.757188498,43.1669959,-86.1141045,9
12156,"Schodack Landing, NY 12156, USA",933,40.5,64107.0,31616,12.96891747,42.4798662,-73.7360175,9
18473,"White Mills, PA 18473, USA",432,41.8,50052.0,27326,19.90740741,41.529045,-75.2143584,20
22191,"Woodbridge, VA 22191, USA",61863,30.9,79198.0,31401,10.41494916,38.6317233,-77.25201009999999,57
14855,"Jasper, NY 14855, USA",988,29.3,43750.0,15913,20.85020243,42.1589149,-77.4931403,0
37743,"Greeneville, TN 37743, USA",26696,44.8,34855.0,19552,21.76730596,36.0941226,-82.8640623,3
95051,"Santa Clara, CA 95051, USA",53152,36.1,100504.0,43487,6.865216737000001,37.3598283,-121.9814354,176
74456,"Preston, OK 74456, USA",231,30.6,27750.0,16345,23.37662338,35.7124995,-95.9918507,2
98051,"Ravensdale, WA 98051, USA",3852,42.3,77623.0,32555,6.464174455,47.3298582,-121.8794853,0
15206,"Pittsburgh, PA 15206, USA",29098,36.6,33792.0,27733,20.10103787,40.4720642,-79.9136731,168
28395,"Wade, NC 28395, USA",1953,39.5,39813.0,23319,18.02355351,35.14014969999999,-78.7589558,1
10007,"New York, NY 10007, USA",6525,34.0,216037.0,157713,2.206896552,40.7136487,-74.0087126,200
44708,"Canton, OH 44708, USA",25341,42.8,44731.0,26042,14.60873683,40.8122437,-81.4388858,103
76943,"Ozona, TX 76943, USA",3719,40.0,49643.0,22163,15.46114547,30.5146701,-101.0711758,0
7603,"Bogota, NJ 07603, USA",8231,38.7,77821.0,31670,8.832462641000001,40.0434508,-81.4263054,0
77807,"Bryan, TX 77807, USA",10882,30.2,42154.0,19089,24.96783679,30.665991,-96.47165799999999,0
4010,"Brownfield, ME 04010, USA",1336,47.6,45592.0,25609,10.62874251,40.4342726,-77.236526,3
38339,"Guys, TN 38339, USA",574,40.5,44500.0,21109,26.65505226,35.0627165,-88.50817649999999,1
17018,"Dauphin, PA 17018, USA",4175,47.1,58438.0,32552,6.682634731,40.4011263,-76.8836261,5
19023,"Darby, PA 19023, USA",22710,30.2,38790.0,18351,24.02025539,39.9200613,-75.26832279999999,197
37345,"Huntland, TN 37345, USA",2155,46.0,38688.0,20549,15.68445476,35.046689,-86.2361744,1
71031,"Goldonna, LA 71031, USA",1012,49.8,44250.0,20250,14.92094862,32.0275947,-92.91759549999999,0
36370,"Pansey, AL 36370, USA",929,43.9,44018.0,21152,10.33369214,31.1375707,-85.1583064,0
17946,"Lost Creek, PA 17946, USA",215,62.1,15469.0,10440,59.53488372,40.8058719,-76.2445864,12
96818,"Honolulu, HI 96818, USA",51522,31.3,70850.0,26894,8.551686658,21.34853,-157.9583246,45
10913,"Blauvelt, NY 10913, USA",5175,41.8,122857.0,46193,1.835748792,41.0711228,-73.9536163,70
45005,"Franklin, OH 45005, USA",29997,40.5,52016.0,24292,9.850985098999999,39.543358,-84.3016021,47
31405,"Savannah, GA 31405, USA",37016,34.6,43051.0,23719,18.3623298,32.0371137,-81.1747498,49
78742,"Austin, TX 78742, USA",810,33.6,19688.0,15485,50.86419753,30.2406057,-97.6602365,13
72680,"Timbo, AR 72680, USA",769,46.6,28750.0,23495,21.58647594,35.8825209,-92.2925911,0
2802,"Albion, RI 02802, USA",919,37.2,48456.0,42134,0.0,37.7402417,-85.9037566,31
97721,"Princeton, OR 97721, USA",610,30.7,27321.0,11412,50.98360656,42.58252,-118.521529,0
18914,"Chalfont, PA 18914, USA",21694,39.4,101522.0,40247,2.696598138,40.2764064,-75.2128996,71
48851,"Lyons, MI 48851, USA",2493,36.5,53704.0,22288,8.182912154,42.9652441,-84.9193082,1
28529,"Grantsboro, NC 28529, USA",2653,45.1,41858.0,20985,16.50961176,35.0797761,-76.8836261,0
11220,"Brooklyn, NY 11220, USA",103089,32.4,37580.0,16263,30.76855921,40.6385229,-74.0153231,199
6883,"Weston, CT 06883, USA",10261,42.5,207262.0,90552,1.773706266,47.30077989999999,9.9603249,6
97875,"Stanfield, OR 97875, USA",2707,36.0,55478.0,22277,11.89508681,45.8063701,-119.1698118,1
25669,"Crum, WV 25669, USA",908,44.0,35302.0,16972,23.78854626,37.9381897,-82.4644445,0
6062,"Plainville, CT 06062, USA",17767,42.4,60630.0,32531,6.613384364,-31.88724839999999,115.9054062,108
28618,"Deep Gap, NC 28618, USA",1871,44.3,41929.0,23581,9.780865847000001,36.2119208,-81.52672820000001,1
28732,"Fletcher, NC 28732, USA",15406,40.6,45273.0,26177,9.269115929,35.4393566,-82.4536115,10
37737,"Friendsville, TN 37737, USA",5464,45.7,54405.0,29839,11.20058565,35.76046,-84.1118458,1
47967,"New Richmond, IN 47967, USA",924,35.5,53462.0,19191,9.632034632,40.17796630000001,-86.9924358,1
66614,"Topeka, KS 66614, USA",31709,38.8,53673.0,30118,11.87675423,39.013101,-95.85121,17
95008,"Campbell, CA 95008, USA",45187,37.3,87204.0,44023,7.395932458,37.2770029,-121.9529992,165
79345,"Meadow, TX 79345, USA",968,41.1,53281.0,22971,17.355371899999998,33.3181424,-102.5068597,0
49639,"Hersey, MI 49639, USA",2617,40.7,41570.0,17687,14.97898357,43.8312621,-85.37562489999999,0
85250,"Scottsdale, AZ 85250, USA",16653,48.6,59358.0,39968,7.788386477,33.5243639,-111.8985922,102
77434,"Eagle Lake, TX 77434, USA",4701,34.2,35105.0,16735,23.73962987,29.5219585,-96.3438785,1
30309,"Atlanta, GA 30309, USA",21074,35.0,71854.0,66311,10.29230331,33.7971137,-84.3804888,197
54022,"River Falls, WI 54022, USA",21786,28.8,60016.0,27608,14.18801065,44.858921,-92.5792482,6
87734,"Ocate, NM 87734, USA",190,60.4,42813.0,19060,44.73684211,36.2069433,-105.0791228,0
6516,"West Haven, CT 06516, USA",55349,36.9,52353.0,26602,11.042656599999999,47.4404243,-92.2283866,0
5156,"Springfield, VT 05156, USA",9529,43.6,48872.0,25574,13.62157624,46.4130632,-113.5408598,0
35475,"Northport, AL 35475, USA",14315,33.9,69924.0,28117,3.548725114,33.4368605,-87.55936129999999,0
33614,"Tampa, FL 33614, USA",48125,35.5,35098.0,18039,23.22701299,28.0133862,-82.50775929999999,147
24887,"Switchback, WV 24887, USA",125,14.8,,4526,88.8,37.3761297,-81.37933660000002,0
63014,"Berger, MO 63014, USA",467,48.4,32188.0,19712,22.48394004,38.6662286,-91.3469247,1
12456,"Mt Marion, NY 12456, USA",707,37.5,48993.0,17639,2.121640736,42.0344874,-73.9976946,12
57078,"Yankton, SD 57078, USA",18894,40.7,50660.0,27293,12.96178681,42.9124127,-97.4597725,14
32187,"San Mateo, FL 32187, USA",1996,46.5,30300.0,18933,15.88176353,29.5775097,-81.54867279999999,0
82327,"Hanna, WY 82327, USA",792,39.8,34531.0,22759,25.25252525,42.1409889,-106.676292,0
41649,"Martin, KY 41649, USA",3004,41.4,25458.0,15356,28.36218375,37.5806385,-82.8317486,3
98012,"Bothell, WA 98012, USA",52351,37.2,88283.0,39165,5.810777254,47.837259,-122.2155192,121
48416,"Brown City, MI 48416, USA",4986,38.6,43397.0,20143,14.64099479,43.2102347,-82.9716617,4
46312,"East Chicago, IN 46312, USA",29584,29.8,27583.0,13497,35.46849648,41.6428269,-87.45048880000002,51
18237,"McAdoo, PA 18237, USA",3848,39.1,42140.0,20172,11.9022869,40.8888417,-75.9985693,13
78611,"Burnet, TX 78611, USA",13226,44.6,48409.0,23381,15.18977771,30.7699023,-98.265058,7
25865,"Lester, WV 25865, USA",1368,38.8,65163.0,25341,10.30701754,37.7252022,-81.36194019999999,1
48191,"Willis, MI 48191, USA",3736,41.8,72204.0,25659,10.59957173,42.1247778,-83.5603112,0
54524,"Fifield, WI 54524, USA",743,44.7,43047.0,24178,18.43876178,45.8462439,-90.40548609999999,0
73560,"Olustee, OK 73560, USA",609,26.9,28942.0,17101,29.22824302,34.5193245,-99.43393429999999,0
14131,"Ransomville, NY 14131, USA",4756,47.9,57500.0,27970,9.440706476,43.2320594,-78.9061921,1
61604,"Peoria, IL 61604, USA",31427,36.8,40630.0,21137,21.60880771,40.70014159999999,-89.6581073,50
80545,"Red Feather Lakes, CO 80545, USA",629,61.5,40583.0,30261,27.18600954,40.8242966,-105.6647142,0
36619,"Mobile, AL 36619, USA",15405,37.9,55962.0,24392,11.1716975,30.5960565,-88.19741479999999,42
80482,"Winter Park, CO 80482, USA",1151,46.5,61000.0,39984,1.563857515,39.8486665,-105.8055471,0
34209,"Bradenton, FL 34209, USA",33008,54.1,51572.0,28711,9.294716432000001,27.5073732,-82.63754019999999,66
57429,"Brentford, SD 57429, USA",109,36.1,40000.0,20763,2.752293578,45.1612271,-98.3147793,0
37336,"Georgetown, TN 37336, USA",4864,44.4,48066.0,22370,14.76151316,35.3059815,-84.9193082,3
12464,"Phoenicia, NY 12464, USA",935,58.1,49911.0,37118,3.6363636360000005,42.0748618,-74.3352858,2
12942,"Keene, NY 12942, USA",724,44.4,42188.0,24003,20.5801105,44.266991,-73.7767398,1
35005,"Adamsville, AL 35005, USA",8150,38.2,46059.0,21273,17.86503067,33.6047446,-87.0424393,2
76373,"Oklaunion, TX 76373, USA",281,36.4,45948.0,15359,0.0,34.1466902,-99.12347950000002,0
16636,"Dysart, PA 16636, USA",801,47.6,42303.0,21236,14.48189763,40.594001,-78.4865602,0
59529,"Hogeland, MT 59529, USA",143,57.2,115938.0,70966,1.3986013990000001,48.76450020000001,-108.7498486,0
79764,"Odessa, TX 79764, USA",20868,34.2,50556.0,21883,13.72436266,31.8840886,-102.4953899,0
57021,"Davis, SD 57021, USA",395,34.5,81875.0,28762,2.784810127,43.26167520000001,-96.974604,0
64081,"Lee's Summit, MO 64081, USA",23549,41.3,76684.0,35039,5.507664869,38.9119463,-94.4136213,63
56529,"Dilworth, MN 56529, USA",4047,32.2,46116.0,21554,16.48134421,46.8772685,-96.6962754,31
13312,"Brantingham, NY 13312, USA",320,56.1,41250.0,30699,14.6875,43.7127771,-75.17788530000001,0
71825,"Blevins, AR 71825, USA",686,32.6,35625.0,13098,36.1516035,33.8682784,-93.5509074,0
17737,"Hughesville, PA 17737, USA",5881,42.3,51007.0,24229,13.110015300000002,41.2806213,-76.6643728,3
11693,"Far Rockaway, NY 11693, USA",11335,39.1,50570.0,25149,21.44684605,40.6166766,-73.8272029,83
55435,"Minneapolis, MN 55435, USA",12286,46.9,56213.0,47347,3.8987465410000004,44.8721412,-93.33385469999999,116
61270,"Morrison, IL 61270, USA",7159,45.2,54206.0,27990,8.436932532,41.8004348,-89.9626799,6
98101,"Seattle, WA 98101, USA",10643,43.0,42938.0,61716,18.87625669,47.6084921,-122.336407,198
94539,"Fremont, CA 94539, USA",51494,41.2,143949.0,50701,3.6256651260000003,37.5148444,-121.9131761,57
94040,"Mountain View, CA 94040, USA",33852,35.7,99375.0,54558,8.599196502,37.3785351,-122.086585,102
2717,"East Freetown, MA 02717, USA",4356,42.8,81150.0,32987,3.558310376,46.1252335,-86.5191127,0
28371,"Parkton, NC 28371, USA",6628,33.6,43365.0,18333,21.16777308,34.9119197,-78.9966888,8
57658,"Wakpala, SD 57658, USA",329,33.5,15833.0,7979,55.31914894,45.6837886,-100.538779,0
72856,"Sand Gap, AR 72856, USA",528,52.1,31016.0,24773,9.28030303,35.7781087,-93.0676373,0
46704,"Arcola, IN 46704, USA",194,35.4,31089.0,13796,6.18556701,41.1036195,-85.2926152,19
99506,"Joint Base Elmendorf-Richardson, AK 99506, USA",7499,22.0,60753.0,19565,4.867315641999999,61.27440309999999,-149.7871533,10
72315,"Blytheville, AR 72315, USA",24120,34.4,37044.0,19837,23.58623549,35.8933774,-89.9066314,15
2169,"Quincy, MA 02169, USA",55064,38.1,58669.0,32613,10.54227808,33.348093,-82.0928134,4
23602,"Newport News, VA 23602, USA",39925,36.7,61343.0,30030,10.43456481,37.1120848,-76.5372625,56
92843,"Garden Grove, CA 92843, USA",44351,33.3,51991.0,17186,20.31972222,33.7675239,-117.9424743,172
31007,"Byromville, GA 31007, USA",1105,41.8,29417.0,14202,18.64253394,32.1773202,-83.94266979999999,0
76950,"Sonora, TX 76950, USA",4069,35.5,53500.0,27732,7.176210371,30.3776869,-100.5296115,0
68147,"Bellevue, NE 68147, USA",10339,33.0,53997.0,22024,17.55488925,41.1775208,-95.9515399,61
79705,"Midland, TX 79705, USA",32784,36.8,68649.0,38947,8.906783797000001,32.0688848,-102.0946818,49
73743,"Hillsdale, OK 73743, USA",132,42.5,50000.0,24770,7.575757576,36.5664065,-97.99334879999999,0
66507,"Maple Hill, KS 66507, USA",1237,31.8,67500.0,23114,2.425222312,38.97933520000001,-96.0044121,1
46323,"Hammond, IN 46323, USA",22561,34.6,45478.0,19994,14.4009574,41.5829905,-87.45048880000002,96
62063,"Medora, IL 62063, USA",1056,41.3,54074.0,25781,8.617424242,39.2166442,-90.1682271,1
64639,"De Witt, MO 64639, USA",257,48.9,57917.0,25446,4.2801556419999995,39.3794032,-93.23825099999999,0
96084,"Round Mountain, CA 96084, USA",593,55.0,31897.0,23506,16.69477234,40.9048101,-122.0229676,0
28782,"Tryon, NC 28782, USA",6662,56.9,46713.0,28377,8.015610928,35.2542295,-82.11695499999999,4
12148,"Rexford, NY 12148, USA",4322,44.2,107540.0,44237,1.758445164,42.840262,-73.8536683,54
78072,"Tilden, TX 78072, USA",570,41.2,42083.0,21532,20.70175439,28.2610528,-98.61606739999999,0
2543,"Woods Hole, MA 02543, USA",736,49.7,66250.0,50348,8.559782608999999,38.5324071,-82.6953898,38
