[{"contributors": null, "truncated": true, "text": "Jon Huntsman, former ambassador to China under Obama, tapped as US ambassador to Russia, senior US officials say\u2026 https://t.co/zEOpWLibDy", "is_quote_status": false, "in_reply_to_status_id": null, "id": 839627753116827648, "favorite_count": 58, "source": "<a href=\"https://www.sprinklr.com\" rel=\"nofollow\">Sprinklr</a>", "retweeted": false, "coordinates": null, "entities": {"symbols": [], "user_mentions": [], "hashtags": [], "urls": [{"url": "https://t.co/zEOpWLibDy", "indices": [114, 137], "expanded_url": "https://twitter.com/i/web/status/839627753116827648", "display_url": "twitter.com/i/web/status/8\u2026"}]}, "in_reply_to_screen_name": null, "in_reply_to_user_id": null, "retweet_count": 37, "id_str": "839627753116827648", "favorited": false, "user": {"follow_request_sent": false, "has_extended_profile": false, "profile_use_background_image": false, "default_profile_image": false, "id": 759251, "profile_background_image_url_https": "https://pbs.twimg.com/profile_background_images/515228058286952449/zVfUxqPl.jpeg", "verified": true, "translator_type": "regular", "profile_text_color": "000000", "profile_image_url_https": "https://pbs.twimg.com/profile_images/508960761826131968/LnvhR8ED_normal.png", "profile_sidebar_fill_color": "EEEEEE", "entities": {"url": {"urls": [{"url": "http://t.co/IaghNW8Xm2", "indices": [0, 22], "expanded_url": "http://www.cnn.com", "display_url": "cnn.com"}]}, "description": {"urls": []}}, "followers_count": 32365513, "profile_sidebar_border_color": "000000", "id_str": "759251", "profile_background_color": "323232", "listed_count": 124546, "is_translation_enabled": true, "utc_offset": -18000, "statuses_count": 121107, "description": "It\u2019s our job to #GoThere and tell the most difficult stories. Come with us!\n\n\u27a1\ufe0e For more breaking news updates follow @CNNBRK", "friends_count": 1120, "location": "", "profile_link_color": "004287", "profile_image_url": "http://pbs.twimg.com/profile_images/508960761826131968/LnvhR8ED_normal.png", "following": false, "geo_enabled": true, "profile_banner_url": "https://pbs.twimg.com/profile_banners/759251/1486579954", "profile_background_image_url": "http://pbs.twimg.com/profile_background_images/515228058286952449/zVfUxqPl.jpeg", "screen_name": "CNN", "lang": "en", "profile_background_tile": false, "favourites_count": 1459, "name": "CNN", "notifications": false, "url": "http://t.co/IaghNW8Xm2", "created_at": "Fri Feb 09 00:35:02 +0000 2007", "contributors_enabled": false, "time_zone": "Eastern Time (US & Canada)", "protected": false, "default_profile": false, "is_translator": false}, "geo": null, "in_reply_to_user_id_str": null, "possibly_sensitive": false, "lang": "en", "created_at": "Thu Mar 09 00:03:50 +0000 2017", "in_reply_to_status_id_str": null, "place": null}, {"contributors": null, "truncated": true, "text": "Congress takes aim at a visa program that has been key to at least one Trump family business venture\u2026 https://t.co/Zl1d8XJSd5", "is_quote_status": false, "in_reply_to_status_id": null, "id": 839627357803671558, "favorite_count": 77, "source": "<a href=\"https://www.sprinklr.com\" rel=\"nofollow\">Sprinklr</a>", "retweeted": false, "coordinates": null, "entities": {"symbols": [], "user_mentions": [], "hashtags": [], "urls": [{"url": "https://t.co/Zl1d8XJSd5", "indices": [102, 125], "expanded_url": "https://twitter.com/i/web/status/839627357803671558", "display_url": "twitter.com/i/web/status/8\u2026"}]}, "in_reply_to_screen_name": null, "in_reply_to_user_id": null, "retweet_count": 53, "id_str": "839627357803671558", "favorited": false, "user": {"follow_request_sent": false, "has_extended_profile": false, "profile_use_background_image": false, "default_profile_image": false, "id": 759251, "profile_background_image_url_https": "https://pbs.twimg.com/profile_background_images/515228058286952449/zVfUxqPl.jpeg", "verified": true, "translator_type": "regular", "profile_text_color": "000000", "profile_image_url_https": "https://pbs.twimg.com/profile_images/508960761826131968/LnvhR8ED_normal.png", "profile_sidebar_fill_color": "EEEEEE", "entities": {"url": {"urls": [{"url": "http://t.co/IaghNW8Xm2", "indices": [0, 22], "expanded_url": "http://www.cnn.com", "display_url": "cnn.com"}]}, "description": {"urls": []}}, "followers_count": 32365513, "profile_sidebar_border_color": "000000", "id_str": "759251", "profile_background_color": "323232", "listed_count": 124546, "is_translation_enabled": true, "utc_offset": -18000, "statuses_count": 121107, "description": "It\u2019s our job to #GoThere and tell the most difficult stories. Come with us!\n\n\u27a1\ufe0e For more breaking news updates follow @CNNBRK", "friends_count": 1120, "location": "", "profile_link_color": "004287", "profile_image_url": "http://pbs.twimg.com/profile_images/508960761826131968/LnvhR8ED_normal.png", "following": false, "geo_enabled": true, "profile_banner_url": "https://pbs.twimg.com/profile_banners/759251/1486579954", "profile_background_image_url": "http://pbs.twimg.com/profile_background_images/515228058286952449/zVfUxqPl.jpeg", "screen_name": "CNN", "lang": "en", "profile_background_tile": false, "favourites_count": 1459, "name": "CNN", "notifications": false, "url": "http://t.co/IaghNW8Xm2", "created_at": "Fri Feb 09 00:35:02 +0000 2007", "contributors_enabled": false, "time_zone": "Eastern Time (US & Canada)", "protected": false, "default_profile": false, "is_translator": false}, "geo": null, "in_reply_to_user_id_str": null, "possibly_sensitive": false, "lang": "en", "created_at": "Thu Mar 09 00:02:16 +0000 2017", "in_reply_to_status_id_str": null, "place": null}, {"contributors": null, "truncated": false, "text": "Rep. Cummings says he told President Trump there\u2019s no voter fraud, \u201cbut there is voter suppression\u201d https://t.co/qJkdvVTLHl", "is_quote_status": false, "in_reply_to_status_id": null, "id": 839621884614488065, "favorite_count": 1021, "source": "<a href=\"https://about.twitter.com/products/tweetdeck\" rel=\"nofollow\">TweetDeck</a>", "retweeted": false, "coordinates": null, "entities": {"symbols": [], "user_mentions": [], "hashtags": [], "urls": [{"url": "https://t.co/qJkdvVTLHl", "indices": [100, 123], "expanded_url": "http://snpy.tv/2m0mgsI", "display_url": "snpy.tv/2m0mgsI"}]}, "in_reply_to_screen_name": null, "in_reply_to_user_id": null, "retweet_count": 388, "id_str": "839621884614488065", "favorited": false, "user": {"follow_request_sent": false, "has_extended_profile": false, "profile_use_background_image": false, "default_profile_image": false, "id": 759251, "profile_background_image_url_https": "https://pbs.twimg.com/profile_background_images/515228058286952449/zVfUxqPl.jpeg", "verified": true, "translator_type": "regular", "profile_text_color": "000000", "profile_image_url_https": "https://pbs.twimg.com/profile_images/508960761826131968/LnvhR8ED_normal.png", "profile_sidebar_fill_color": "EEEEEE", "entities": {"url": {"urls": [{"url": "http://t.co/IaghNW8Xm2", "indices": [0, 22], "expanded_url": "http://www.cnn.com", "display_url": "cnn.com"}]}, "description": {"urls": []}}, "followers_count": 32365513, "profile_sidebar_border_color": "000000", "id_str": "759251", "profile_background_color": "323232", "listed_count": 124546, "is_translation_enabled": true, "utc_offset": -18000, "statuses_count": 121107, "description": "It\u2019s our job to #GoThere and tell the most difficult stories. Come with us!\n\n\u27a1\ufe0e For more breaking news updates follow @CNNBRK", "friends_count": 1120, "location": "", "profile_link_color": "004287", "profile_image_url": "http://pbs.twimg.com/profile_images/508960761826131968/LnvhR8ED_normal.png", "following": false, "geo_enabled": true, "profile_banner_url": "https://pbs.twimg.com/profile_banners/759251/1486579954", "profile_background_image_url": "http://pbs.twimg.com/profile_background_images/515228058286952449/zVfUxqPl.jpeg", "screen_name": "CNN", "lang": "en", "profile_background_tile": false, "favourites_count": 1459, "name": "CNN", "notifications": false, "url": "http://t.co/IaghNW8Xm2", "created_at": "Fri Feb 09 00:35:02 +0000 2007", "contributors_enabled": false, "time_zone": "Eastern Time (US & Canada)", "protected": false, "default_profile": false, "is_translator": false}, "geo": null, "in_reply_to_user_id_str": null, "possibly_sensitive": false, "lang": "en", "created_at": "Wed Mar 08 23:40:31 +0000 2017", "in_reply_to_status_id_str": null, "place": null}, {"contributors": null, "truncated": false, "text": "Cummings says he told Trump he shouldn't make it sound like all African Americans are afraid to walk down the street https://t.co/K0ng9z1u1V", "is_quote_status": false, "in_reply_to_status_id": null, "id": 839621677642317826, "favorite_count": 462, "source": "<a href=\"https://about.twitter.com/products/tweetdeck\" rel=\"nofollow\">TweetDeck</a>", "retweeted": false, "coordinates": null, "entities": {"symbols": [], "user_mentions": [], "hashtags": [], "urls": [{"url": "https://t.co/K0ng9z1u1V", "indices": [117, 140], "expanded_url": "http://snpy.tv/2mD9qoa", "display_url": "snpy.tv/2mD9qoa"}]}, "in_reply_to_screen_name": null, "in_reply_to_user_id": null, "retweet_count": 150, "id_str": "839621677642317826", "favorited": false, "user": {"follow_request_sent": false, "has_extended_profile": false, "profile_use_background_image": false, "default_profile_image": false, "id": 759251, "profile_background_image_url_https": "https://pbs.twimg.com/profile_background_images/515228058286952449/zVfUxqPl.jpeg", "verified": true, "translator_type": "regular", "profile_text_color": "000000", "profile_image_url_https": "https://pbs.twimg.com/profile_images/508960761826131968/LnvhR8ED_normal.png", "profile_sidebar_fill_color": "EEEEEE", "entities": {"url": {"urls": [{"url": "http://t.co/IaghNW8Xm2", "indices": [0, 22], "expanded_url": "http://www.cnn.com", "display_url": "cnn.com"}]}, "description": {"urls": []}}, "followers_count": 32365513, "profile_sidebar_border_color": "000000", "id_str": "759251", "profile_background_color": "323232", "listed_count": 124546, "is_translation_enabled": true, "utc_offset": -18000, "statuses_count": 121107, "description": "It\u2019s our job to #GoThere and tell the most difficult stories. Come with us!\n\n\u27a1\ufe0e For more breaking news updates follow @CNNBRK", "friends_count": 1120, "location": "", "profile_link_color": "004287", "profile_image_url": "http://pbs.twimg.com/profile_images/508960761826131968/LnvhR8ED_normal.png", "following": false, "geo_enabled": true, "profile_banner_url": "https://pbs.twimg.com/profile_banners/759251/1486579954", "profile_background_image_url": "http://pbs.twimg.com/profile_background_images/515228058286952449/zVfUxqPl.jpeg", "screen_name": "CNN", "lang": "en", "profile_background_tile": false, "favourites_count": 1459, "name": "CNN", "notifications": false, "url": "http://t.co/IaghNW8Xm2", "created_at": "Fri Feb 09 00:35:02 +0000 2007", "contributors_enabled": false, "time_zone": "Eastern Time (US & Canada)", "protected": false, "default_profile": false, "is_translator": false}, "geo": null, "in_reply_to_user_id_str": null, "possibly_sensitive": false, "lang": "en", "created_at": "Wed Mar 08 23:39:42 +0000 2017", "in_reply_to_status_id_str": null, "place": null}, {"contributors": null, "truncated": true, "text": "Key interest groups and industry stakeholders are lining up in opposition to the new GOP health care plan\u2026 https://t.co/BsHDmR9ffh", "is_quote_status": false, "in_reply_to_status_id": null, "id": 839620668106878976, "favorite_count": 194, "source": "<a href=\"https://www.sprinklr.com\" rel=\"nofollow\">Sprinklr</a>", "retweeted": false, "coordinates": null, "entities": {"symbols": [], "user_mentions": [], "hashtags": [], "urls": [{"url": "https://t.co/BsHDmR9ffh", "indices": [107, 130], "expanded_url": "https://twitter.com/i/web/status/839620668106878976", "display_url": "twitter.com/i/web/status/8\u2026"}]}, "in_reply_to_screen_name": null, "in_reply_to_user_id": null, "retweet_count": 105, "id_str": "839620668106878976", "favorited": false, "user": {"follow_request_sent": false, "has_extended_profile": false, "profile_use_background_image": false, "default_profile_image": false, "id": 759251, "profile_background_image_url_https": "https://pbs.twimg.com/profile_background_images/515228058286952449/zVfUxqPl.jpeg", "verified": true, "translator_type": "regular", "profile_text_color": "000000", "profile_image_url_https": "https://pbs.twimg.com/profile_images/508960761826131968/LnvhR8ED_normal.png", "profile_sidebar_fill_color": "EEEEEE", "entities": {"url": {"urls": [{"url": "http://t.co/IaghNW8Xm2", "indices": [0, 22], "expanded_url": "http://www.cnn.com", "display_url": "cnn.com"}]}, "description": {"urls": []}}, "followers_count": 32365513, "profile_sidebar_border_color": "000000", "id_str": "759251", "profile_background_color": "323232", "listed_count": 124546, "is_translation_enabled": true, "utc_offset": -18000, "statuses_count": 121107, "description": "It\u2019s our job to #GoThere and tell the most difficult stories. Come with us!\n\n\u27a1\ufe0e For more breaking news updates follow @CNNBRK", "friends_count": 1120, "location": "", "profile_link_color": "004287", "profile_image_url": "http://pbs.twimg.com/profile_images/508960761826131968/LnvhR8ED_normal.png", "following": false, "geo_enabled": true, "profile_banner_url": "https://pbs.twimg.com/profile_banners/759251/1486579954", "profile_background_image_url": "http://pbs.twimg.com/profile_background_images/515228058286952449/zVfUxqPl.jpeg", "screen_name": "CNN", "lang": "en", "profile_background_tile": false, "favourites_count": 1459, "name": "CNN", "notifications": false, "url": "http://t.co/IaghNW8Xm2", "created_at": "Fri Feb 09 00:35:02 +0000 2007", "contributors_enabled": false, "time_zone": "Eastern Time (US & Canada)", "protected": false, "default_profile": false, "is_translator": false}, "geo": null, "in_reply_to_user_id_str": null, "possibly_sensitive": false, "lang": "en", "created_at": "Wed Mar 08 23:35:41 +0000 2017", "in_reply_to_status_id_str": null, "place": null}, {"contributors": null, "truncated": false, "text": "Gay veterans group says it was denied entry to Boston's St. Patrick's Day parade https://t.co/ww60VVGFmZ https://t.co/cPd4OEeyUF", "is_quote_status": false, "in_reply_to_status_id": null, "id": 839617958297157634, "favorite_count": 323, "source": "<a href=\"https://www.sprinklr.com\" rel=\"nofollow\">Sprinklr</a>", "retweeted": false, "coordinates": null, "entities": {"symbols": [], "user_mentions": [], "hashtags": [], "urls": [{"url": "https://t.co/ww60VVGFmZ", "indices": [81, 104], "expanded_url": "http://cnn.it/2n7Jy1p", "display_url": "cnn.it/2n7Jy1p"}], "media": [{"expanded_url": "https://twitter.com/CNN/status/839617958297157634/photo/1", "display_url": "pic.twitter.com/cPd4OEeyUF", "url": "https://t.co/cPd4OEeyUF", "media_url_https": "https://pbs.twimg.com/media/C6bsFS0WgAAMI4D.jpg", "id_str": "839617956246093824", "sizes": {"large": {"h": 438, "resize": "fit", "w": 780}, "small": {"h": 382, "resize": "fit", "w": 680}, "medium": {"h": 438, "resize": "fit", "w": 780}, "thumb": {"h": 150, "resize": "crop", "w": 150}}, "indices": [105, 128], "type": "photo", "id": 839617956246093824, "media_url": "http://pbs.twimg.com/media/C6bsFS0WgAAMI4D.jpg"}]}, "in_reply_to_screen_name": null, "in_reply_to_user_id": null, "retweet_count": 223, "id_str": "839617958297157634", "favorited": false, "user": {"follow_request_sent": false, "has_extended_profile": false, "profile_use_background_image": false, "default_profile_image": false, "id": 759251, "profile_background_image_url_https": "https://pbs.twimg.com/profile_background_images/515228058286952449/zVfUxqPl.jpeg", "verified": true, "translator_type": "regular", "profile_text_color": "000000", "profile_image_url_https": "https://pbs.twimg.com/profile_images/508960761826131968/LnvhR8ED_normal.png", "profile_sidebar_fill_color": "EEEEEE", "entities": {"url": {"urls": [{"url": "http://t.co/IaghNW8Xm2", "indices": [0, 22], "expanded_url": "http://www.cnn.com", "display_url": "cnn.com"}]}, "description": {"urls": []}}, "followers_count": 32365513, "profile_sidebar_border_color": "000000", "id_str": "759251", "profile_background_color": "323232", "listed_count": 124546, "is_translation_enabled": true, "utc_offset": -18000, "statuses_count": 121107, "description": "It\u2019s our job to #GoThere and tell the most difficult stories. Come with us!\n\n\u27a1\ufe0e For more breaking news updates follow @CNNBRK", "friends_count": 1120, "location": "", "profile_link_color": "004287", "profile_image_url": "http://pbs.twimg.com/profile_images/508960761826131968/LnvhR8ED_normal.png", "following": false, "geo_enabled": true, "profile_banner_url": "https://pbs.twimg.com/profile_banners/759251/1486579954", "profile_background_image_url": "http://pbs.twimg.com/profile_background_images/515228058286952449/zVfUxqPl.jpeg", "screen_name": "CNN", "lang": "en", "profile_background_tile": false, "favourites_count": 1459, "name": "CNN", "notifications": false, "url": "http://t.co/IaghNW8Xm2", "created_at": "Fri Feb 09 00:35:02 +0000 2007", "contributors_enabled": false, "time_zone": "Eastern Time (US & Canada)", "protected": false, "default_profile": false, "is_translator": false}, "geo": null, "in_reply_to_user_id_str": null, "possibly_sensitive": false, "lang": "en", "created_at": "Wed Mar 08 23:24:55 +0000 2017", "in_reply_to_status_id_str": null, "place": null, "extended_entities": {"media": [{"expanded_url": "https://twitter.com/CNN/status/839617958297157634/photo/1", "display_url": "pic.twitter.com/cPd4OEeyUF", "url": "https://t.co/cPd4OEeyUF", "media_url_https": "https://pbs.twimg.com/media/C6bsFS0WgAAMI4D.jpg", "id_str": "839617956246093824", "sizes": {"large": {"h": 438, "resize": "fit", "w": 780}, "small": {"h": 382, "resize": "fit", "w": 680}, "medium": {"h": 438, "resize": "fit", "w": 780}, "thumb": {"h": 150, "resize": "crop", "w": 150}}, "indices": [105, 128], "type": "photo", "id": 839617956246093824, "media_url": "http://pbs.twimg.com/media/C6bsFS0WgAAMI4D.jpg"}]}}, {"contributors": null, "truncated": false, "text": "RT @CNNSitRoom: Schiff: Doesn\u2019t Pres. Trump owe an apology not only to the former president, but to the \u201centire American people\u201d over wiret\u2026", "is_quote_status": false, "in_reply_to_status_id": null, "id": 839616099578753024, "favorite_count": 0, "source": "<a href=\"http://twitter.com\" rel=\"nofollow\">Twitter Web Client</a>", "retweeted": false, "coordinates": null, "entities": {"symbols": [], "user_mentions": [{"id": 34310801, "indices": [3, 14], "id_str": "34310801", "screen_name": "CNNSitRoom", "name": "The Situation Room"}], "hashtags": [], "urls": []}, "in_reply_to_screen_name": null, "in_reply_to_user_id": null, "retweet_count": 271, "id_str": "839616099578753024", "favorited": false, "retweeted_status": {"contributors": null, "truncated": true, "text": "Schiff: Doesn\u2019t Pres. Trump owe an apology not only to the former president, but to the \u201centire American people\u201d ov\u2026 https://t.co/QuOa73r3mb", "is_quote_status": false, "in_reply_to_status_id": null, "id": 839600468062003201, "favorite_count": 655, "source": "<a href=\"https://studio.twitter.com\" rel=\"nofollow\">Media Studio</a>", "retweeted": false, "coordinates": null, "entities": {"symbols": [], "user_mentions": [], "hashtags": [], "urls": [{"url": "https://t.co/QuOa73r3mb", "indices": [117, 140], "expanded_url": "https://twitter.com/i/web/status/839600468062003201", "display_url": "twitter.com/i/web/status/8\u2026"}]}, "in_reply_to_screen_name": null, "in_reply_to_user_id": null, "retweet_count": 271, "id_str": "839600468062003201", "favorited": false, "user": {"follow_request_sent": false, "has_extended_profile": false, "profile_use_background_image": true, "default_profile_image": false, "id": 34310801, "profile_background_image_url_https": "https://pbs.twimg.com/profile_background_images/626435435250753536/G_DkS_w-.jpg", "verified": true, "translator_type": "none", "profile_text_color": "634047", "profile_image_url_https": "https://pbs.twimg.com/profile_images/626775966422016000/Lo6b0kNl_normal.jpg", "profile_sidebar_fill_color": "E3E2DE", "entities": {"url": {"urls": [{"url": "http://t.co/9Ohl84xOrq", "indices": [0, 22], "expanded_url": "http://cnn.com/situationroom", "display_url": "cnn.com/situationroom"}]}, "description": {"urls": []}}, "followers_count": 382900, "profile_sidebar_border_color": "000000", "id_str": "34310801", "profile_background_color": "ABB8C2", "listed_count": 2300, "is_translation_enabled": false, "utc_offset": -18000, "statuses_count": 20271, "description": "From the staff of The #SitRoom w/ @WolfBlitzer. Tune in from 5-7pm ET weekdays on @CNN.", "friends_count": 925, "location": "Washington ", "profile_link_color": "088253", "profile_image_url": "http://pbs.twimg.com/profile_images/626775966422016000/Lo6b0kNl_normal.jpg", "following": false, "geo_enabled": false, "profile_banner_url": "https://pbs.twimg.com/profile_banners/34310801/1478895946", "profile_background_image_url": "http://pbs.twimg.com/profile_background_images/626435435250753536/G_DkS_w-.jpg", "screen_name": "CNNSitRoom", "lang": "en", "profile_background_tile": false, "favourites_count": 1037, "name": "The Situation Room", "notifications": false, "url": "http://t.co/9Ohl84xOrq", "created_at": "Wed Apr 22 16:01:45 +0000 2009", "contributors_enabled": false, "time_zone": "Eastern Time (US & Canada)", "protected": false, "default_profile": false, "is_translator": false}, "geo": null, "in_reply_to_user_id_str": null, "possibly_sensitive": false, "lang": "en", "created_at": "Wed Mar 08 22:15:25 +0000 2017", "in_reply_to_status_id_str": null, "place": null}, "user": {"follow_request_sent": false, "has_extended_profile": false, "profile_use_background_image": false, "default_profile_image": false, "id": 759251, "profile_background_image_url_https": "https://pbs.twimg.com/profile_background_images/515228058286952449/zVfUxqPl.jpeg", "verified": true, "translator_type": "regular", "profile_text_color": "000000", "profile_image_url_https": "https://pbs.twimg.com/profile_images/508960761826131968/LnvhR8ED_normal.png", "profile_sidebar_fill_color": "EEEEEE", "entities": {"url": {"urls": [{"url": "http://t.co/IaghNW8Xm2", "indices": [0, 22], "expanded_url": "http://www.cnn.com", "display_url": "cnn.com"}]}, "description": {"urls": []}}, "followers_count": 32365513, "profile_sidebar_border_color": "000000", "id_str": "759251", "profile_background_color": "323232", "listed_count": 124546, "is_translation_enabled": true, "utc_offset": -18000, "statuses_count": 121107, "description": "It\u2019s our job to #GoThere and tell the most difficult stories. Come with us!\n\n\u27a1\ufe0e For more breaking news updates follow @CNNBRK", "friends_count": 1120, "location": "", "profile_link_color": "004287", "profile_image_url": "http://pbs.twimg.com/profile_images/508960761826131968/LnvhR8ED_normal.png", "following": false, "geo_enabled": true, "profile_banner_url": "https://pbs.twimg.com/profile_banners/759251/1486579954", "profile_background_image_url": "http://pbs.twimg.com/profile_background_images/515228058286952449/zVfUxqPl.jpeg", "screen_name": "CNN", "lang": "en", "profile_background_tile": false, "favourites_count": 1459, "name": "CNN", "notifications": false, "url": "http://t.co/IaghNW8Xm2", "created_at": "Fri Feb 09 00:35:02 +0000 2007", "contributors_enabled": false, "time_zone": "Eastern Time (US & Canada)", "protected": false, "default_profile": false, "is_translator": false}, "geo": null, "in_reply_to_user_id_str": null, "lang": "en", "created_at": "Wed Mar 08 23:17:32 +0000 2017", "in_reply_to_status_id_str": null, "place": null}, {"contributors": null, "truncated": false, "text": "\"The Daily Show\" host @Trevornoah joins CNN's @VanJones68 tonight for a town hall. #TheMessyTruth airs at 9p ET https://t.co/x9cpqPBFcw", "is_quote_status": false, "in_reply_to_status_id": null, "id": 839612829133123585, "favorite_count": 204, "source": "<a href=\"https://www.sprinklr.com\" rel=\"nofollow\">Sprinklr</a>", "retweeted": false, "coordinates": null, "entities": {"symbols": [], "user_mentions": [{"id": 46335511, "indices": [22, 33], "id_str": "46335511", "screen_name": "Trevornoah", "name": "Trevor Noah"}, {"id": 131497030, "indices": [46, 57], "id_str": "131497030", "screen_name": "VanJones68", "name": "Van Jones"}], "hashtags": [{"indices": [83, 97], "text": "TheMessyTruth"}], "urls": [], "media": [{"expanded_url": "https://twitter.com/CNN/status/839612829133123585/photo/1", "display_url": "pic.twitter.com/x9cpqPBFcw", "url": "https://t.co/x9cpqPBFcw", "media_url_https": "https://pbs.twimg.com/media/C6bnaq-U0AADah8.jpg", "id_str": "839612825949491200", "sizes": {"small": {"h": 383, "resize": "fit", "w": 680}, "large": {"h": 576, "resize": "fit", "w": 1024}, "medium": {"h": 576, "resize": "fit", "w": 1024}, "thumb": {"h": 150, "resize": "crop", "w": 150}}, "indices": [112, 135], "type": "photo", "id": 839612825949491200, "media_url": "http://pbs.twimg.com/media/C6bnaq-U0AADah8.jpg"}]}, "in_reply_to_screen_name": null, "in_reply_to_user_id": null, "retweet_count": 73, "id_str": "839612829133123585", "favorited": false, "user": {"follow_request_sent": false, "has_extended_profile": false, "profile_use_background_image": false, "default_profile_image": false, "id": 759251, "profile_background_image_url_https": "https://pbs.twimg.com/profile_background_images/515228058286952449/zVfUxqPl.jpeg", "verified": true, "translator_type": "regular", "profile_text_color": "000000", "profile_image_url_https": "https://pbs.twimg.com/profile_images/508960761826131968/LnvhR8ED_normal.png", "profile_sidebar_fill_color": "EEEEEE", "entities": {"url": {"urls": [{"url": "http://t.co/IaghNW8Xm2", "indices": [0, 22], "expanded_url": "http://www.cnn.com", "display_url": "cnn.com"}]}, "description": {"urls": []}}, "followers_count": 32365513, "profile_sidebar_border_color": "000000", "id_str": "759251", "profile_background_color": "323232", "listed_count": 124546, "is_translation_enabled": true, "utc_offset": -18000, "statuses_count": 121107, "description": "It\u2019s our job to #GoThere and tell the most difficult stories. Come with us!\n\n\u27a1\ufe0e For more breaking news updates follow @CNNBRK", "friends_count": 1120, "location": "", "profile_link_color": "004287", "profile_image_url": "http://pbs.twimg.com/profile_images/508960761826131968/LnvhR8ED_normal.png", "following": false, "geo_enabled": true, "profile_banner_url": "https://pbs.twimg.com/profile_banners/759251/1486579954", "profile_background_image_url": "http://pbs.twimg.com/profile_background_images/515228058286952449/zVfUxqPl.jpeg", "screen_name": "CNN", "lang": "en", "profile_background_tile": false, "favourites_count": 1459, "name": "CNN", "notifications": false, "url": "http://t.co/IaghNW8Xm2", "created_at": "Fri Feb 09 00:35:02 +0000 2007", "contributors_enabled": false, "time_zone": "Eastern Time (US & Canada)", "protected": false, "default_profile": false, "is_translator": false}, "geo": null, "in_reply_to_user_id_str": null, "possibly_sensitive": false, "lang": "en", "created_at": "Wed Mar 08 23:04:32 +0000 2017", "in_reply_to_status_id_str": null, "place": null, "extended_entities": {"media": [{"expanded_url": "https://twitter.com/CNN/status/839612829133123585/photo/1", "display_url": "pic.twitter.com/x9cpqPBFcw", "url": "https://t.co/x9cpqPBFcw", "media_url_https": "https://pbs.twimg.com/media/C6bnaq-U0AADah8.jpg", "id_str": "839612825949491200", "sizes": {"small": {"h": 383, "resize": "fit", "w": 680}, "large": {"h": 576, "resize": "fit", "w": 1024}, "medium": {"h": 576, "resize": "fit", "w": 1024}, "thumb": {"h": 150, "resize": "crop", "w": 150}}, "indices": [112, 135], "type": "photo", "id": 839612825949491200, "media_url": "http://pbs.twimg.com/media/C6bnaq-U0AADah8.jpg"}]}}, {"contributors": null, "truncated": true, "text": "President Trump invites GOP lawmakers to a White House bowling party as he sells his Obamacare replacement plan\u2026 https://t.co/65PLi6xXSX", "is_quote_status": false, "in_reply_to_status_id": null, "id": 839611710549950464, "favorite_count": 111, "source": "<a href=\"https://www.sprinklr.com\" rel=\"nofollow\">Sprinklr</a>", "retweeted": false, "coordinates": null, "entities": {"symbols": [], "user_mentions": [], "hashtags": [], "urls": [{"url": "https://t.co/65PLi6xXSX", "indices": [113, 136], "expanded_url": "https://twitter.com/i/web/status/839611710549950464", "display_url": "twitter.com/i/web/status/8\u2026"}]}, "in_reply_to_screen_name": null, "in_reply_to_user_id": null, "retweet_count": 75, "id_str": "839611710549950464", "favorited": false, "user": {"follow_request_sent": false, "has_extended_profile": false, "profile_use_background_image": false, "default_profile_image": false, "id": 759251, "profile_background_image_url_https": "https://pbs.twimg.com/profile_background_images/515228058286952449/zVfUxqPl.jpeg", "verified": true, "translator_type": "regular", "profile_text_color": "000000", "profile_image_url_https": "https://pbs.twimg.com/profile_images/508960761826131968/LnvhR8ED_normal.png", "profile_sidebar_fill_color": "EEEEEE", "entities": {"url": {"urls": [{"url": "http://t.co/IaghNW8Xm2", "indices": [0, 22], "expanded_url": "http://www.cnn.com", "display_url": "cnn.com"}]}, "description": {"urls": []}}, "followers_count": 32365513, "profile_sidebar_border_color": "000000", "id_str": "759251", "profile_background_color": "323232", "listed_count": 124546, "is_translation_enabled": true, "utc_offset": -18000, "statuses_count": 121107, "description": "It\u2019s our job to #GoThere and tell the most difficult stories. Come with us!\n\n\u27a1\ufe0e For more breaking news updates follow @CNNBRK", "friends_count": 1120, "location": "", "profile_link_color": "004287", "profile_image_url": "http://pbs.twimg.com/profile_images/508960761826131968/LnvhR8ED_normal.png", "following": false, "geo_enabled": true, "profile_banner_url": "https://pbs.twimg.com/profile_banners/759251/1486579954", "profile_background_image_url": "http://pbs.twimg.com/profile_background_images/515228058286952449/zVfUxqPl.jpeg", "screen_name": "CNN", "lang": "en", "profile_background_tile": false, "favourites_count": 1459, "name": "CNN", "notifications": false, "url": "http://t.co/IaghNW8Xm2", "created_at": "Fri Feb 09 00:35:02 +0000 2007", "contributors_enabled": false, "time_zone": "Eastern Time (US & Canada)", "protected": false, "default_profile": false, "is_translator": false}, "geo": null, "in_reply_to_user_id_str": null, "possibly_sensitive": false, "lang": "en", "created_at": "Wed Mar 08 23:00:05 +0000 2017", "in_reply_to_status_id_str": null, "place": null}, {"contributors": null, "truncated": true, "text": "13 women were detained outside the Trump International Hotel during the #ADayWithoutAWoman march, the NYPD says\u2026 https://t.co/kbWX4BVpwL", "is_quote_status": false, "in_reply_to_status_id": null, "id": 839606664600891398, "favorite_count": 367, "source": "<a href=\"https://www.sprinklr.com\" rel=\"nofollow\">Sprinklr</a>", "retweeted": false, "coordinates": null, "entities": {"symbols": [], "user_mentions": [], "hashtags": [{"indices": [72, 90], "text": "ADayWithoutAWoman"}], "urls": [{"url": "https://t.co/kbWX4BVpwL", "indices": [113, 136], "expanded_url": "https://twitter.com/i/web/status/839606664600891398", "display_url": "twitter.com/i/web/status/8\u2026"}]}, "in_reply_to_screen_name": null, "in_reply_to_user_id": null, "retweet_count": 285, "id_str": "839606664600891398", "favorited": false, "user": {"follow_request_sent": false, "has_extended_profile": false, "profile_use_background_image": false, "default_profile_image": false, "id": 759251, "profile_background_image_url_https": "https://pbs.twimg.com/profile_background_images/515228058286952449/zVfUxqPl.jpeg", "verified": true, "translator_type": "regular", "profile_text_color": "000000", "profile_image_url_https": "https://pbs.twimg.com/profile_images/508960761826131968/LnvhR8ED_normal.png", "profile_sidebar_fill_color": "EEEEEE", "entities": {"url": {"urls": [{"url": "http://t.co/IaghNW8Xm2", "indices": [0, 22], "expanded_url": "http://www.cnn.com", "display_url": "cnn.com"}]}, "description": {"urls": []}}, "followers_count": 32365513, "profile_sidebar_border_color": "000000", "id_str": "759251", "profile_background_color": "323232", "listed_count": 124546, "is_translation_enabled": true, "utc_offset": -18000, "statuses_count": 121107, "description": "It\u2019s our job to #GoThere and tell the most difficult stories. Come with us!\n\n\u27a1\ufe0e For more breaking news updates follow @CNNBRK", "friends_count": 1120, "location": "", "profile_link_color": "004287", "profile_image_url": "http://pbs.twimg.com/profile_images/508960761826131968/LnvhR8ED_normal.png", "following": false, "geo_enabled": true, "profile_banner_url": "https://pbs.twimg.com/profile_banners/759251/1486579954", "profile_background_image_url": "http://pbs.twimg.com/profile_background_images/515228058286952449/zVfUxqPl.jpeg", "screen_name": "CNN", "lang": "en", "profile_background_tile": false, "favourites_count": 1459, "name": "CNN", "notifications": false, "url": "http://t.co/IaghNW8Xm2", "created_at": "Fri Feb 09 00:35:02 +0000 2007", "contributors_enabled": false, "time_zone": "Eastern Time (US & Canada)", "protected": false, "default_profile": false, "is_translator": false}, "geo": null, "in_reply_to_user_id_str": null, "possibly_sensitive": false, "lang": "en", "created_at": "Wed Mar 08 22:40:02 +0000 2017", "in_reply_to_status_id_str": null, "place": null}, {"contributors": null, "truncated": false, "text": "RT @TheLeadCNN: Sen. Feinstein: \u201cShocking\u201d to me that a sitting president would make this allegation about a former president with no proof\u2026", "is_quote_status": false, "in_reply_to_status_id": null, "id": 839603681456701440, "favorite_count": 0, "source": "<a href=\"http://twitter.com\" rel=\"nofollow\">Twitter Web Client</a>", "retweeted": false, "coordinates": null, "entities": {"symbols": [], "user_mentions": [{"id": 1176994477, "indices": [3, 14], "id_str": "1176994477", "screen_name": "TheLeadCNN", "name": "The Lead CNN"}], "hashtags": [], "urls": []}, "in_reply_to_screen_name": null, "in_reply_to_user_id": null, "retweet_count": 235, "id_str": "839603681456701440", "favorited": false, "retweeted_status": {"contributors": null, "truncated": true, "text": "Sen. Feinstein: \u201cShocking\u201d to me that a sitting president would make this allegation about a former president with\u2026 https://t.co/EwLo2ESVSZ", "is_quote_status": false, "in_reply_to_status_id": null, "id": 839585212736618497, "favorite_count": 539, "source": "<a href=\"https://studio.twitter.com\" rel=\"nofollow\">Media Studio</a>", "retweeted": false, "coordinates": null, "entities": {"symbols": [], "user_mentions": [], "hashtags": [], "urls": [{"url": "https://t.co/EwLo2ESVSZ", "indices": [116, 139], "expanded_url": "https://twitter.com/i/web/status/839585212736618497", "display_url": "twitter.com/i/web/status/8\u2026"}]}, "in_reply_to_screen_name": null, "in_reply_to_user_id": null, "retweet_count": 235, "id_str": "839585212736618497", "favorited": false, "user": {"follow_request_sent": false, "has_extended_profile": false, "profile_use_background_image": true, "default_profile_image": false, "id": 1176994477, "profile_background_image_url_https": "https://pbs.twimg.com/profile_background_images/813033079/6e487b8cdd044f140a01eb8f88625fdf.jpeg", "verified": true, "translator_type": "none", "profile_text_color": "333333", "profile_image_url_https": "https://pbs.twimg.com/profile_images/3372288429/4663473f84a22d828bfda4c279b640e6_normal.jpeg", "profile_sidebar_fill_color": "DDEEF6", "entities": {"url": {"urls": [{"url": "http://t.co/Ioy35ZzEhw", "indices": [0, 22], "expanded_url": "http://cnn.com/thelead", "display_url": "cnn.com/thelead"}]}, "description": {"urls": []}}, "followers_count": 82624, "profile_sidebar_border_color": "FFFFFF", "id_str": "1176994477", "profile_background_color": "C0DEED", "listed_count": 1133, "is_translation_enabled": false, "utc_offset": -18000, "statuses_count": 18828, "description": "The Lead with @jaketapper airs at 4pm ET on CNN.", "friends_count": 356, "location": "", "profile_link_color": "0084B4", "profile_image_url": "http://pbs.twimg.com/profile_images/3372288429/4663473f84a22d828bfda4c279b640e6_normal.jpeg", "following": false, "geo_enabled": true, "profile_banner_url": "https://pbs.twimg.com/profile_banners/1176994477/1478896060", "profile_background_image_url": "http://pbs.twimg.com/profile_background_images/813033079/6e487b8cdd044f140a01eb8f88625fdf.jpeg", "screen_name": "TheLeadCNN", "lang": "en", "profile_background_tile": false, "favourites_count": 122, "name": "The Lead CNN", "notifications": false, "url": "http://t.co/Ioy35ZzEhw", "created_at": "Wed Feb 13 22:17:40 +0000 2013", "contributors_enabled": false, "time_zone": "Eastern Time (US & Canada)", "protected": false, "default_profile": false, "is_translator": false}, "geo": null, "in_reply_to_user_id_str": null, "possibly_sensitive": false, "lang": "en", "created_at": "Wed Mar 08 21:14:48 +0000 2017", "in_reply_to_status_id_str": null, "place": null}, "user": {"follow_request_sent": false, "has_extended_profile": false, "profile_use_background_image": false, "default_profile_image": false, "id": 759251, "profile_background_image_url_https": "https://pbs.twimg.com/profile_background_images/515228058286952449/zVfUxqPl.jpeg", "verified": true, "translator_type": "regular", "profile_text_color": "000000", "profile_image_url_https": "https://pbs.twimg.com/profile_images/508960761826131968/LnvhR8ED_normal.png", "profile_sidebar_fill_color": "EEEEEE", "entities": {"url": {"urls": [{"url": "http://t.co/IaghNW8Xm2", "indices": [0, 22], "expanded_url": "http://www.cnn.com", "display_url": "cnn.com"}]}, "description": {"urls": []}}, "followers_count": 32365513, "profile_sidebar_border_color": "000000", "id_str": "759251", "profile_background_color": "323232", "listed_count": 124546, "is_translation_enabled": true, "utc_offset": -18000, "statuses_count": 121107, "description": "It\u2019s our job to #GoThere and tell the most difficult stories. Come with us!\n\n\u27a1\ufe0e For more breaking news updates follow @CNNBRK", "friends_count": 1120, "location": "", "profile_link_color": "004287", "profile_image_url": "http://pbs.twimg.com/profile_images/508960761826131968/LnvhR8ED_normal.png", "following": false, "geo_enabled": true, "profile_banner_url": "https://pbs.twimg.com/profile_banners/759251/1486579954", "profile_background_image_url": "http://pbs.twimg.com/profile_background_images/515228058286952449/zVfUxqPl.jpeg", "screen_name": "CNN", "lang": "en", "profile_background_tile": false, "favourites_count": 1459, "name": "CNN", "notifications": false, "url": "http://t.co/IaghNW8Xm2", "created_at": "Fri Feb 09 00:35:02 +0000 2007", "contributors_enabled": false, "time_zone": "Eastern Time (US & Canada)", "protected": false, "default_profile": false, "is_translator": false}, "geo": null, "in_reply_to_user_id_str": null, "lang": "en", "created_at": "Wed Mar 08 22:28:11 +0000 2017", "in_reply_to_status_id_str": null, "place": null}, {"contributors": null, "truncated": true, "text": "Sean Spicer wrongly claimed that a Fox News reporter had his phones tapped while Barack Obama was president\u2026 https://t.co/wCw5zd0Woi", "is_quote_status": false, "in_reply_to_status_id": null, "id": 839603357325148162, "favorite_count": 895, "source": "<a href=\"https://www.sprinklr.com\" rel=\"nofollow\">Sprinklr</a>", "retweeted": false, "coordinates": null, "entities": {"symbols": [], "user_mentions": [], "hashtags": [], "urls": [{"url": "https://t.co/wCw5zd0Woi", "indices": [109, 132], "expanded_url": "https://twitter.com/i/web/status/839603357325148162", "display_url": "twitter.com/i/web/status/8\u2026"}]}, "in_reply_to_screen_name": null, "in_reply_to_user_id": null, "retweet_count": 748, "id_str": "839603357325148162", "favorited": false, "user": {"follow_request_sent": false, "has_extended_profile": false, "profile_use_background_image": false, "default_profile_image": false, "id": 759251, "profile_background_image_url_https": "https://pbs.twimg.com/profile_background_images/515228058286952449/zVfUxqPl.jpeg", "verified": true, "translator_type": "regular", "profile_text_color": "000000", "profile_image_url_https": "https://pbs.twimg.com/profile_images/508960761826131968/LnvhR8ED_normal.png", "profile_sidebar_fill_color": "EEEEEE", "entities": {"url": {"urls": [{"url": "http://t.co/IaghNW8Xm2", "indices": [0, 22], "expanded_url": "http://www.cnn.com", "display_url": "cnn.com"}]}, "description": {"urls": []}}, "followers_count": 32365513, "profile_sidebar_border_color": "000000", "id_str": "759251", "profile_background_color": "323232", "listed_count": 124546, "is_translation_enabled": true, "utc_offset": -18000, "statuses_count": 121107, "description": "It\u2019s our job to #GoThere and tell the most difficult stories. Come with us!\n\n\u27a1\ufe0e For more breaking news updates follow @CNNBRK", "friends_count": 1120, "location": "", "profile_link_color": "004287", "profile_image_url": "http://pbs.twimg.com/profile_images/508960761826131968/LnvhR8ED_normal.png", "following": false, "geo_enabled": true, "profile_banner_url": "https://pbs.twimg.com/profile_banners/759251/1486579954", "profile_background_image_url": "http://pbs.twimg.com/profile_background_images/515228058286952449/zVfUxqPl.jpeg", "screen_name": "CNN", "lang": "en", "profile_background_tile": false, "favourites_count": 1459, "name": "CNN", "notifications": false, "url": "http://t.co/IaghNW8Xm2", "created_at": "Fri Feb 09 00:35:02 +0000 2007", "contributors_enabled": false, "time_zone": "Eastern Time (US & Canada)", "protected": false, "default_profile": false, "is_translator": false}, "geo": null, "in_reply_to_user_id_str": null, "possibly_sensitive": false, "lang": "en", "created_at": "Wed Mar 08 22:26:54 +0000 2017", "in_reply_to_status_id_str": null, "place": null}, {"contributors": null, "truncated": true, "text": "This 5-year-old superhero\u2019s #FearlessGirl pose was picture-perfect on #InternationalWomensDay\u2026 https://t.co/NxWSZiQMiP", "is_quote_status": false, "in_reply_to_status_id": null, "id": 839599614571466753, "favorite_count": 3709, "source": "<a href=\"https://www.sprinklr.com\" rel=\"nofollow\">Sprinklr</a>", "retweeted": false, "coordinates": null, "entities": {"symbols": [], "user_mentions": [], "hashtags": [{"indices": [28, 41], "text": "FearlessGirl"}, {"indices": [70, 93], "text": "InternationalWomensDay"}], "urls": [{"url": "https://t.co/NxWSZiQMiP", "indices": [95, 118], "expanded_url": "https://twitter.com/i/web/status/839599614571466753", "display_url": "twitter.com/i/web/status/8\u2026"}]}, "in_reply_to_screen_name": null, "in_reply_to_user_id": null, "retweet_count": 1496, "id_str": "839599614571466753", "favorited": false, "user": {"follow_request_sent": false, "has_extended_profile": false, "profile_use_background_image": false, "default_profile_image": false, "id": 759251, "profile_background_image_url_https": "https://pbs.twimg.com/profile_background_images/515228058286952449/zVfUxqPl.jpeg", "verified": true, "translator_type": "regular", "profile_text_color": "000000", "profile_image_url_https": "https://pbs.twimg.com/profile_images/508960761826131968/LnvhR8ED_normal.png", "profile_sidebar_fill_color": "EEEEEE", "entities": {"url": {"urls": [{"url": "http://t.co/IaghNW8Xm2", "indices": [0, 22], "expanded_url": "http://www.cnn.com", "display_url": "cnn.com"}]}, "description": {"urls": []}}, "followers_count": 32365513, "profile_sidebar_border_color": "000000", "id_str": "759251", "profile_background_color": "323232", "listed_count": 124546, "is_translation_enabled": true, "utc_offset": -18000, "statuses_count": 121107, "description": "It\u2019s our job to #GoThere and tell the most difficult stories. Come with us!\n\n\u27a1\ufe0e For more breaking news updates follow @CNNBRK", "friends_count": 1120, "location": "", "profile_link_color": "004287", "profile_image_url": "http://pbs.twimg.com/profile_images/508960761826131968/LnvhR8ED_normal.png", "following": false, "geo_enabled": true, "profile_banner_url": "https://pbs.twimg.com/profile_banners/759251/1486579954", "profile_background_image_url": "http://pbs.twimg.com/profile_background_images/515228058286952449/zVfUxqPl.jpeg", "screen_name": "CNN", "lang": "en", "profile_background_tile": false, "favourites_count": 1459, "name": "CNN", "notifications": false, "url": "http://t.co/IaghNW8Xm2", "created_at": "Fri Feb 09 00:35:02 +0000 2007", "contributors_enabled": false, "time_zone": "Eastern Time (US & Canada)", "protected": false, "default_profile": false, "is_translator": false}, "geo": null, "in_reply_to_user_id_str": null, "possibly_sensitive": false, "lang": "en", "created_at": "Wed Mar 08 22:12:01 +0000 2017", "in_reply_to_status_id_str": null, "place": null}, {"contributors": null, "truncated": true, "text": "Women's march organizers detained outside NYC's Trump International Hotel during #ADayWithoutAWoman demonstrations\u2026 https://t.co/PVx7Ik1Fif", "is_quote_status": false, "in_reply_to_status_id": null, "id": 839595350637834246, "favorite_count": 969, "source": "<a href=\"https://www.sprinklr.com\" rel=\"nofollow\">Sprinklr</a>", "retweeted": false, "coordinates": null, "entities": {"symbols": [], "user_mentions": [], "hashtags": [{"indices": [81, 99], "text": "ADayWithoutAWoman"}], "urls": [{"url": "https://t.co/PVx7Ik1Fif", "indices": [116, 139], "expanded_url": "https://twitter.com/i/web/status/839595350637834246", "display_url": "twitter.com/i/web/status/8\u2026"}]}, "in_reply_to_screen_name": null, "in_reply_to_user_id": null, "retweet_count": 947, "id_str": "839595350637834246", "favorited": false, "user": {"follow_request_sent": false, "has_extended_profile": false, "profile_use_background_image": false, "default_profile_image": false, "id": 759251, "profile_background_image_url_https": "https://pbs.twimg.com/profile_background_images/515228058286952449/zVfUxqPl.jpeg", "verified": true, "translator_type": "regular", "profile_text_color": "000000", "profile_image_url_https": "https://pbs.twimg.com/profile_images/508960761826131968/LnvhR8ED_normal.png", "profile_sidebar_fill_color": "EEEEEE", "entities": {"url": {"urls": [{"url": "http://t.co/IaghNW8Xm2", "indices": [0, 22], "expanded_url": "http://www.cnn.com", "display_url": "cnn.com"}]}, "description": {"urls": []}}, "followers_count": 32365513, "profile_sidebar_border_color": "000000", "id_str": "759251", "profile_background_color": "323232", "listed_count": 124546, "is_translation_enabled": true, "utc_offset": -18000, "statuses_count": 121107, "description": "It\u2019s our job to #GoThere and tell the most difficult stories. Come with us!\n\n\u27a1\ufe0e For more breaking news updates follow @CNNBRK", "friends_count": 1120, "location": "", "profile_link_color": "004287", "profile_image_url": "http://pbs.twimg.com/profile_images/508960761826131968/LnvhR8ED_normal.png", "following": false, "geo_enabled": true, "profile_banner_url": "https://pbs.twimg.com/profile_banners/759251/1486579954", "profile_background_image_url": "http://pbs.twimg.com/profile_background_images/515228058286952449/zVfUxqPl.jpeg", "screen_name": "CNN", "lang": "en", "profile_background_tile": false, "favourites_count": 1459, "name": "CNN", "notifications": false, "url": "http://t.co/IaghNW8Xm2", "created_at": "Fri Feb 09 00:35:02 +0000 2007", "contributors_enabled": false, "time_zone": "Eastern Time (US & Canada)", "protected": false, "default_profile": false, "is_translator": false}, "geo": null, "in_reply_to_user_id_str": null, "possibly_sensitive": false, "lang": "en", "created_at": "Wed Mar 08 21:55:05 +0000 2017", "in_reply_to_status_id_str": null, "place": null}, {"contributors": null, "truncated": false, "text": "RT @TheLeadCNN: .@jaketapper: Welcome to \"Obama tapped my phone\" island. Population: President Trump https://t.co/flS57Y2j6X  https://t.co/\u2026", "is_quote_status": false, "in_reply_to_status_id": null, "id": 839593040457183232, "favorite_count": 0, "source": "<a href=\"http://twitter.com\" rel=\"nofollow\">Twitter Web Client</a>", "retweeted": false, "coordinates": null, "entities": {"symbols": [], "user_mentions": [{"id": 1176994477, "indices": [3, 14], "id_str": "1176994477", "screen_name": "TheLeadCNN", "name": "The Lead CNN"}, {"id": 14529929, "indices": [17, 28], "id_str": "14529929", "screen_name": "jaketapper", "name": "Jake Tapper"}], "hashtags": [], "urls": [{"url": "https://t.co/flS57Y2j6X", "indices": [101, 124], "expanded_url": "http://cnn.it/2n7fN0R", "display_url": "cnn.it/2n7fN0R"}]}, "in_reply_to_screen_name": null, "in_reply_to_user_id": null, "retweet_count": 332, "id_str": "839593040457183232", "favorited": false, "retweeted_status": {"contributors": null, "truncated": false, "text": ".@jaketapper: Welcome to \"Obama tapped my phone\" island. Population: President Trump https://t.co/flS57Y2j6X  https://t.co/l5OhPB89Vr", "is_quote_status": false, "in_reply_to_status_id": null, "id": 839582365944963073, "favorite_count": 759, "source": "<a href=\"http://snappytv.com\" rel=\"nofollow\">SnappyTV.com</a>", "retweeted": false, "coordinates": null, "entities": {"symbols": [], "user_mentions": [{"id": 14529929, "indices": [1, 12], "id_str": "14529929", "screen_name": "jaketapper", "name": "Jake Tapper"}], "hashtags": [], "urls": [{"url": "https://t.co/flS57Y2j6X", "indices": [85, 108], "expanded_url": "http://cnn.it/2n7fN0R", "display_url": "cnn.it/2n7fN0R"}, {"url": "https://t.co/l5OhPB89Vr", "indices": [110, 133], "expanded_url": "http://snpy.tv/2mCAHaf", "display_url": "snpy.tv/2mCAHaf"}]}, "in_reply_to_screen_name": null, "in_reply_to_user_id": null, "retweet_count": 332, "id_str": "839582365944963073", "favorited": false, "user": {"follow_request_sent": false, "has_extended_profile": false, "profile_use_background_image": true, "default_profile_image": false, "id": 1176994477, "profile_background_image_url_https": "https://pbs.twimg.com/profile_background_images/813033079/6e487b8cdd044f140a01eb8f88625fdf.jpeg", "verified": true, "translator_type": "none", "profile_text_color": "333333", "profile_image_url_https": "https://pbs.twimg.com/profile_images/3372288429/4663473f84a22d828bfda4c279b640e6_normal.jpeg", "profile_sidebar_fill_color": "DDEEF6", "entities": {"url": {"urls": [{"url": "http://t.co/Ioy35ZzEhw", "indices": [0, 22], "expanded_url": "http://cnn.com/thelead", "display_url": "cnn.com/thelead"}]}, "description": {"urls": []}}, "followers_count": 82624, "profile_sidebar_border_color": "FFFFFF", "id_str": "1176994477", "profile_background_color": "C0DEED", "listed_count": 1133, "is_translation_enabled": false, "utc_offset": -18000, "statuses_count": 18828, "description": "The Lead with @jaketapper airs at 4pm ET on CNN.", "friends_count": 356, "location": "", "profile_link_color": "0084B4", "profile_image_url": "http://pbs.twimg.com/profile_images/3372288429/4663473f84a22d828bfda4c279b640e6_normal.jpeg", "following": false, "geo_enabled": true, "profile_banner_url": "https://pbs.twimg.com/profile_banners/1176994477/1478896060", "profile_background_image_url": "http://pbs.twimg.com/profile_background_images/813033079/6e487b8cdd044f140a01eb8f88625fdf.jpeg", "screen_name": "TheLeadCNN", "lang": "en", "profile_background_tile": false, "favourites_count": 122, "name": "The Lead CNN", "notifications": false, "url": "http://t.co/Ioy35ZzEhw", "created_at": "Wed Feb 13 22:17:40 +0000 2013", "contributors_enabled": false, "time_zone": "Eastern Time (US & Canada)", "protected": false, "default_profile": false, "is_translator": false}, "geo": null, "in_reply_to_user_id_str": null, "possibly_sensitive": false, "lang": "en", "created_at": "Wed Mar 08 21:03:29 +0000 2017", "in_reply_to_status_id_str": null, "place": null}, "user": {"follow_request_sent": false, "has_extended_profile": false, "profile_use_background_image": false, "default_profile_image": false, "id": 759251, "profile_background_image_url_https": "https://pbs.twimg.com/profile_background_images/515228058286952449/zVfUxqPl.jpeg", "verified": true, "translator_type": "regular", "profile_text_color": "000000", "profile_image_url_https": "https://pbs.twimg.com/profile_images/508960761826131968/LnvhR8ED_normal.png", "profile_sidebar_fill_color": "EEEEEE", "entities": {"url": {"urls": [{"url": "http://t.co/IaghNW8Xm2", "indices": [0, 22], "expanded_url": "http://www.cnn.com", "display_url": "cnn.com"}]}, "description": {"urls": []}}, "followers_count": 32365513, "profile_sidebar_border_color": "000000", "id_str": "759251", "profile_background_color": "323232", "listed_count": 124546, "is_translation_enabled": true, "utc_offset": -18000, "statuses_count": 121107, "description": "It\u2019s our job to #GoThere and tell the most difficult stories. Come with us!\n\n\u27a1\ufe0e For more breaking news updates follow @CNNBRK", "friends_count": 1120, "location": "", "profile_link_color": "004287", "profile_image_url": "http://pbs.twimg.com/profile_images/508960761826131968/LnvhR8ED_normal.png", "following": false, "geo_enabled": true, "profile_banner_url": "https://pbs.twimg.com/profile_banners/759251/1486579954", "profile_background_image_url": "http://pbs.twimg.com/profile_background_images/515228058286952449/zVfUxqPl.jpeg", "screen_name": "CNN", "lang": "en", "profile_background_tile": false, "favourites_count": 1459, "name": "CNN", "notifications": false, "url": "http://t.co/IaghNW8Xm2", "created_at": "Fri Feb 09 00:35:02 +0000 2007", "contributors_enabled": false, "time_zone": "Eastern Time (US & Canada)", "protected": false, "default_profile": false, "is_translator": false}, "geo": null, "in_reply_to_user_id_str": null, "possibly_sensitive": false, "lang": "en", "created_at": "Wed Mar 08 21:45:54 +0000 2017", "in_reply_to_status_id_str": null, "place": null}, {"contributors": null, "truncated": true, "text": "Sen. Lindsey Graham says he is ready to subpoena the intelligence agencies for potential Trump wiretap evidence\u2026 https://t.co/KyYl1pwqlE", "is_quote_status": false, "in_reply_to_status_id": null, "id": 839592315660431360, "favorite_count": 713, "source": "<a href=\"https://www.sprinklr.com\" rel=\"nofollow\">Sprinklr</a>", "retweeted": false, "coordinates": null, "entities": {"symbols": [], "user_mentions": [], "hashtags": [], "urls": [{"url": "https://t.co/KyYl1pwqlE", "indices": [113, 136], "expanded_url": "https://twitter.com/i/web/status/839592315660431360", "display_url": "twitter.com/i/web/status/8\u2026"}]}, "in_reply_to_screen_name": null, "in_reply_to_user_id": null, "retweet_count": 247, "id_str": "839592315660431360", "favorited": false, "user": {"follow_request_sent": false, "has_extended_profile": false, "profile_use_background_image": false, "default_profile_image": false, "id": 759251, "profile_background_image_url_https": "https://pbs.twimg.com/profile_background_images/515228058286952449/zVfUxqPl.jpeg", "verified": true, "translator_type": "regular", "profile_text_color": "000000", "profile_image_url_https": "https://pbs.twimg.com/profile_images/508960761826131968/LnvhR8ED_normal.png", "profile_sidebar_fill_color": "EEEEEE", "entities": {"url": {"urls": [{"url": "http://t.co/IaghNW8Xm2", "indices": [0, 22], "expanded_url": "http://www.cnn.com", "display_url": "cnn.com"}]}, "description": {"urls": []}}, "followers_count": 32365513, "profile_sidebar_border_color": "000000", "id_str": "759251", "profile_background_color": "323232", "listed_count": 124546, "is_translation_enabled": true, "utc_offset": -18000, "statuses_count": 121107, "description": "It\u2019s our job to #GoThere and tell the most difficult stories. Come with us!\n\n\u27a1\ufe0e For more breaking news updates follow @CNNBRK", "friends_count": 1120, "location": "", "profile_link_color": "004287", "profile_image_url": "http://pbs.twimg.com/profile_images/508960761826131968/LnvhR8ED_normal.png", "following": false, "geo_enabled": true, "profile_banner_url": "https://pbs.twimg.com/profile_banners/759251/1486579954", "profile_background_image_url": "http://pbs.twimg.com/profile_background_images/515228058286952449/zVfUxqPl.jpeg", "screen_name": "CNN", "lang": "en", "profile_background_tile": false, "favourites_count": 1459, "name": "CNN", "notifications": false, "url": "http://t.co/IaghNW8Xm2", "created_at": "Fri Feb 09 00:35:02 +0000 2007", "contributors_enabled": false, "time_zone": "Eastern Time (US & Canada)", "protected": false, "default_profile": false, "is_translator": false}, "geo": null, "in_reply_to_user_id_str": null, "possibly_sensitive": false, "lang": "en", "created_at": "Wed Mar 08 21:43:01 +0000 2017", "in_reply_to_status_id_str": null, "place": null}, {"contributors": null, "truncated": false, "text": "Wall Street crowds are bullish on the #FearlessGirl statue https://t.co/tXDJWnrEO4 #InternationalWomensDay https://t.co/vWHnhlI47m", "is_quote_status": false, "in_reply_to_status_id": null, "id": 839585441892483073, "favorite_count": 1487, "source": "<a href=\"https://www.sprinklr.com\" rel=\"nofollow\">Sprinklr</a>", "retweeted": false, "coordinates": null, "entities": {"symbols": [], "user_mentions": [], "hashtags": [{"indices": [38, 51], "text": "FearlessGirl"}, {"indices": [83, 106], "text": "InternationalWomensDay"}], "urls": [{"url": "https://t.co/tXDJWnrEO4", "indices": [59, 82], "expanded_url": "http://cnn.it/2nfBBq3", "display_url": "cnn.it/2nfBBq3"}], "media": [{"expanded_url": "https://twitter.com/CNN/status/839585441892483073/photo/1", "display_url": "pic.twitter.com/vWHnhlI47m", "url": "https://t.co/vWHnhlI47m", "media_url_https": "https://pbs.twimg.com/media/C6bOghmWUAIcMU-.jpg", "id_str": "839585438721527810", "sizes": {"small": {"h": 383, "resize": "fit", "w": 680}, "large": {"h": 439, "resize": "fit", "w": 780}, "medium": {"h": 439, "resize": "fit", "w": 780}, "thumb": {"h": 150, "resize": "crop", "w": 150}}, "indices": [107, 130], "type": "photo", "id": 839585438721527810, "media_url": "http://pbs.twimg.com/media/C6bOghmWUAIcMU-.jpg"}]}, "in_reply_to_screen_name": null, "in_reply_to_user_id": null, "retweet_count": 425, "id_str": "839585441892483073", "favorited": false, "user": {"follow_request_sent": false, "has_extended_profile": false, "profile_use_background_image": false, "default_profile_image": false, "id": 759251, "profile_background_image_url_https": "https://pbs.twimg.com/profile_background_images/515228058286952449/zVfUxqPl.jpeg", "verified": true, "translator_type": "regular", "profile_text_color": "000000", "profile_image_url_https": "https://pbs.twimg.com/profile_images/508960761826131968/LnvhR8ED_normal.png", "profile_sidebar_fill_color": "EEEEEE", "entities": {"url": {"urls": [{"url": "http://t.co/IaghNW8Xm2", "indices": [0, 22], "expanded_url": "http://www.cnn.com", "display_url": "cnn.com"}]}, "description": {"urls": []}}, "followers_count": 32365513, "profile_sidebar_border_color": "000000", "id_str": "759251", "profile_background_color": "323232", "listed_count": 124546, "is_translation_enabled": true, "utc_offset": -18000, "statuses_count": 121107, "description": "It\u2019s our job to #GoThere and tell the most difficult stories. Come with us!\n\n\u27a1\ufe0e For more breaking news updates follow @CNNBRK", "friends_count": 1120, "location": "", "profile_link_color": "004287", "profile_image_url": "http://pbs.twimg.com/profile_images/508960761826131968/LnvhR8ED_normal.png", "following": false, "geo_enabled": true, "profile_banner_url": "https://pbs.twimg.com/profile_banners/759251/1486579954", "profile_background_image_url": "http://pbs.twimg.com/profile_background_images/515228058286952449/zVfUxqPl.jpeg", "screen_name": "CNN", "lang": "en", "profile_background_tile": false, "favourites_count": 1459, "name": "CNN", "notifications": false, "url": "http://t.co/IaghNW8Xm2", "created_at": "Fri Feb 09 00:35:02 +0000 2007", "contributors_enabled": false, "time_zone": "Eastern Time (US & Canada)", "protected": false, "default_profile": false, "is_translator": false}, "geo": null, "in_reply_to_user_id_str": null, "possibly_sensitive": false, "lang": "en", "created_at": "Wed Mar 08 21:15:42 +0000 2017", "in_reply_to_status_id_str": null, "place": null, "extended_entities": {"media": [{"expanded_url": "https://twitter.com/CNN/status/839585441892483073/photo/1", "display_url": "pic.twitter.com/vWHnhlI47m", "url": "https://t.co/vWHnhlI47m", "media_url_https": "https://pbs.twimg.com/media/C6bOghmWUAIcMU-.jpg", "id_str": "839585438721527810", "sizes": {"small": {"h": 383, "resize": "fit", "w": 680}, "large": {"h": 439, "resize": "fit", "w": 780}, "medium": {"h": 439, "resize": "fit", "w": 780}, "thumb": {"h": 150, "resize": "crop", "w": 150}}, "indices": [107, 130], "type": "photo", "id": 839585438721527810, "media_url": "http://pbs.twimg.com/media/C6bOghmWUAIcMU-.jpg"}]}}, {"contributors": null, "truncated": true, "text": "A slight majority of US voters think AG Jeff Sessions lied under oath and should resign, according to a new poll\u2026 https://t.co/qd9Kffit23", "is_quote_status": false, "in_reply_to_status_id": null, "id": 839582122830618624, "favorite_count": 1697, "source": "<a href=\"https://www.sprinklr.com\" rel=\"nofollow\">Sprinklr</a>", "retweeted": false, "coordinates": null, "entities": {"symbols": [], "user_mentions": [], "hashtags": [], "urls": [{"url": "https://t.co/qd9Kffit23", "indices": [114, 137], "expanded_url": "https://twitter.com/i/web/status/839582122830618624", "display_url": "twitter.com/i/web/status/8\u2026"}]}, "in_reply_to_screen_name": null, "in_reply_to_user_id": null, "retweet_count": 527, "id_str": "839582122830618624", "favorited": false, "user": {"follow_request_sent": false, "has_extended_profile": false, "profile_use_background_image": false, "default_profile_image": false, "id": 759251, "profile_background_image_url_https": "https://pbs.twimg.com/profile_background_images/515228058286952449/zVfUxqPl.jpeg", "verified": true, "translator_type": "regular", "profile_text_color": "000000", "profile_image_url_https": "https://pbs.twimg.com/profile_images/508960761826131968/LnvhR8ED_normal.png", "profile_sidebar_fill_color": "EEEEEE", "entities": {"url": {"urls": [{"url": "http://t.co/IaghNW8Xm2", "indices": [0, 22], "expanded_url": "http://www.cnn.com", "display_url": "cnn.com"}]}, "description": {"urls": []}}, "followers_count": 32365513, "profile_sidebar_border_color": "000000", "id_str": "759251", "profile_background_color": "323232", "listed_count": 124546, "is_translation_enabled": true, "utc_offset": -18000, "statuses_count": 121107, "description": "It\u2019s our job to #GoThere and tell the most difficult stories. Come with us!\n\n\u27a1\ufe0e For more breaking news updates follow @CNNBRK", "friends_count": 1120, "location": "", "profile_link_color": "004287", "profile_image_url": "http://pbs.twimg.com/profile_images/508960761826131968/LnvhR8ED_normal.png", "following": false, "geo_enabled": true, "profile_banner_url": "https://pbs.twimg.com/profile_banners/759251/1486579954", "profile_background_image_url": "http://pbs.twimg.com/profile_background_images/515228058286952449/zVfUxqPl.jpeg", "screen_name": "CNN", "lang": "en", "profile_background_tile": false, "favourites_count": 1459, "name": "CNN", "notifications": false, "url": "http://t.co/IaghNW8Xm2", "created_at": "Fri Feb 09 00:35:02 +0000 2007", "contributors_enabled": false, "time_zone": "Eastern Time (US & Canada)", "protected": false, "default_profile": false, "is_translator": false}, "geo": null, "in_reply_to_user_id_str": null, "possibly_sensitive": false, "lang": "en", "created_at": "Wed Mar 08 21:02:31 +0000 2017", "in_reply_to_status_id_str": null, "place": null}, {"contributors": null, "truncated": true, "text": "Don't worry, be happy on the coast of southwest Florida. This metro area's tops in contentment for 2 years in a row\u2026 https://t.co/qTcjB1xJoM", "is_quote_status": false, "in_reply_to_status_id": null, "id": 839575959217008642, "favorite_count": 187, "source": "<a href=\"https://www.sprinklr.com\" rel=\"nofollow\">Sprinklr</a>", "retweeted": false, "coordinates": null, "entities": {"symbols": [], "user_mentions": [], "hashtags": [], "urls": [{"url": "https://t.co/qTcjB1xJoM", "indices": [117, 140], "expanded_url": "https://twitter.com/i/web/status/839575959217008642", "display_url": "twitter.com/i/web/status/8\u2026"}]}, "in_reply_to_screen_name": null, "in_reply_to_user_id": null, "retweet_count": 70, "id_str": "839575959217008642", "favorited": false, "user": {"follow_request_sent": false, "has_extended_profile": false, "profile_use_background_image": false, "default_profile_image": false, "id": 759251, "profile_background_image_url_https": "https://pbs.twimg.com/profile_background_images/515228058286952449/zVfUxqPl.jpeg", "verified": true, "translator_type": "regular", "profile_text_color": "000000", "profile_image_url_https": "https://pbs.twimg.com/profile_images/508960761826131968/LnvhR8ED_normal.png", "profile_sidebar_fill_color": "EEEEEE", "entities": {"url": {"urls": [{"url": "http://t.co/IaghNW8Xm2", "indices": [0, 22], "expanded_url": "http://www.cnn.com", "display_url": "cnn.com"}]}, "description": {"urls": []}}, "followers_count": 32365513, "profile_sidebar_border_color": "000000", "id_str": "759251", "profile_background_color": "323232", "listed_count": 124546, "is_translation_enabled": true, "utc_offset": -18000, "statuses_count": 121107, "description": "It\u2019s our job to #GoThere and tell the most difficult stories. Come with us!\n\n\u27a1\ufe0e For more breaking news updates follow @CNNBRK", "friends_count": 1120, "location": "", "profile_link_color": "004287", "profile_image_url": "http://pbs.twimg.com/profile_images/508960761826131968/LnvhR8ED_normal.png", "following": false, "geo_enabled": true, "profile_banner_url": "https://pbs.twimg.com/profile_banners/759251/1486579954", "profile_background_image_url": "http://pbs.twimg.com/profile_background_images/515228058286952449/zVfUxqPl.jpeg", "screen_name": "CNN", "lang": "en", "profile_background_tile": false, "favourites_count": 1459, "name": "CNN", "notifications": false, "url": "http://t.co/IaghNW8Xm2", "created_at": "Fri Feb 09 00:35:02 +0000 2007", "contributors_enabled": false, "time_zone": "Eastern Time (US & Canada)", "protected": false, "default_profile": false, "is_translator": false}, "geo": null, "in_reply_to_user_id_str": null, "possibly_sensitive": false, "lang": "en", "created_at": "Wed Mar 08 20:38:01 +0000 2017", "in_reply_to_status_id_str": null, "place": null}, {"contributors": null, "truncated": false, "text": "GOP Rep. Duncan Hunter calls Trump's proposed cuts to Coast Guard budget \"nonsensical\" https://t.co/VQQ3efH5bz https://t.co/89hdOH4pJY", "is_quote_status": false, "in_reply_to_status_id": null, "id": 839570552813719563, "favorite_count": 723, "source": "<a href=\"https://www.sprinklr.com\" rel=\"nofollow\">Sprinklr</a>", "retweeted": false, "coordinates": null, "entities": {"symbols": [], "user_mentions": [], "hashtags": [], "urls": [{"url": "https://t.co/VQQ3efH5bz", "indices": [87, 110], "expanded_url": "http://cnn.it/2n79I4i", "display_url": "cnn.it/2n79I4i"}, {"url": "https://t.co/89hdOH4pJY", "indices": [111, 134], "expanded_url": "http://snpy.tv/2mYLFYt", "display_url": "snpy.tv/2mYLFYt"}]}, "in_reply_to_screen_name": null, "in_reply_to_user_id": null, "retweet_count": 372, "id_str": "839570552813719563", "favorited": false, "user": {"follow_request_sent": false, "has_extended_profile": false, "profile_use_background_image": false, "default_profile_image": false, "id": 759251, "profile_background_image_url_https": "https://pbs.twimg.com/profile_background_images/515228058286952449/zVfUxqPl.jpeg", "verified": true, "translator_type": "regular", "profile_text_color": "000000", "profile_image_url_https": "https://pbs.twimg.com/profile_images/508960761826131968/LnvhR8ED_normal.png", "profile_sidebar_fill_color": "EEEEEE", "entities": {"url": {"urls": [{"url": "http://t.co/IaghNW8Xm2", "indices": [0, 22], "expanded_url": "http://www.cnn.com", "display_url": "cnn.com"}]}, "description": {"urls": []}}, "followers_count": 32365513, "profile_sidebar_border_color": "000000", "id_str": "759251", "profile_background_color": "323232", "listed_count": 124546, "is_translation_enabled": true, "utc_offset": -18000, "statuses_count": 121107, "description": "It\u2019s our job to #GoThere and tell the most difficult stories. Come with us!\n\n\u27a1\ufe0e For more breaking news updates follow @CNNBRK", "friends_count": 1120, "location": "", "profile_link_color": "004287", "profile_image_url": "http://pbs.twimg.com/profile_images/508960761826131968/LnvhR8ED_normal.png", "following": false, "geo_enabled": true, "profile_banner_url": "https://pbs.twimg.com/profile_banners/759251/1486579954", "profile_background_image_url": "http://pbs.twimg.com/profile_background_images/515228058286952449/zVfUxqPl.jpeg", "screen_name": "CNN", "lang": "en", "profile_background_tile": false, "favourites_count": 1459, "name": "CNN", "notifications": false, "url": "http://t.co/IaghNW8Xm2", "created_at": "Fri Feb 09 00:35:02 +0000 2007", "contributors_enabled": false, "time_zone": "Eastern Time (US & Canada)", "protected": false, "default_profile": false, "is_translator": false}, "geo": null, "in_reply_to_user_id_str": null, "possibly_sensitive": false, "lang": "en", "created_at": "Wed Mar 08 20:16:32 +0000 2017", "in_reply_to_status_id_str": null, "place": null}]