Screen Name,Real Name,Tweets,Followers,Following,Favorites Count
katyperry,,,,,
justinbieber,,,,,
BarackObama,,,,,
Taylorswift13,,,,,
rihanna,,,,,
youtube,,,,,
theellenshow,,,,,
ladygaga,,,,,
twitter,,,,,
jtimberlake,,,,,
britneyspears,,,,,
cristiano,,,,,
kimkardashian,,,,,
selenagomez,,,,,
cnnbrk,,,,,
jimmyfallon,,,,,
arianagrande,,,,,
shakira,,,,,
ddlovato,,,,,
jlo,,,,,
instagram,,,,,
oprah,,,,,
drake,,,,,
kingjames,,,,,
nytimes,,,,,
billgates,,,,,
cnn,,,,,
kevinhart4real,,,,,
mileycyrus,,,,,
onedirection,,,,,
sportscenter,,,,,
espn,,,,,
bbcbreaking,,,,,
harry_styles,,,,,
pink,,,,,
liltunechi,,,,,
wizkhalifa,,,,,
niallofficial,,,,,
brunomars,,,,,
adele,,,,,
narendramodi,,,,,
neymarjr,,,,,
kanyewest,,,,,
kaka,,,,,
actuallynph,,,,,
realdonaldtrump,,,,,
danieltosh,,,,,
srbachchan,,,,,
aliciakeys,,,,,
nba,,,,,
